,REPORT_RECEIVED_DATE,IYEAR,REPORT_NUMBER,SUPPLEMENTAL_NUMBER,REPORT_TYPE,OPERATOR_ID,NAME,OPERATOR_STREET_ADDRESS,OPERATOR_CITY_NAME,OPERATOR_STATE_ABBREVIATION,OPERATOR_POSTAL_CODE,LOCAL_DATETIME,TIME_ZONE,DAYLIGHT_SAVINGS_IND,LOCATION_LATITUDE,LOCATION_LONGITUDE,COMMODITY_RELEASED_TYPE,COMMODITY_SUBTYPE,COMMODITY_DETAILS,UNINTENTIONAL_RELEASE_BBLS,INTENTIONAL_RELEASE_BBLS,RECOVERED_BBLS,FATALITY_IND,NUM_EMP_FATALITIES,NUM_CONTR_FATALITIES,NUM_ER_FATALITIES,NUM_WORKER_FATALITIES,NUM_GP_FATALITIES,FATAL,INJURY_IND,NUM_EMP_INJURIES,NUM_CONTR_INJURIES,NUM_ER_INJURIES,NUM_WORKER_INJURIES,NUM_GP_INJURIES,INJURE,ACCIDENT_IDENTIFIER,ACCIDENT_DETAILS,OPERATOR_TYPE,INCIDENT_IDENTIFIED_DATETIME,ON_OFF_SHORE,COMMUNICATION_STATE_FED_IND,PARTY_INITIATED_COMMUNICATION,INITIAL_RESPONDER_COM_DATETIME,ON_SITE_DATETIME,NRC_RPT_DATETIME,NRC_RPT_NUM,ADDITIONAL_NRC_REPORT_NUMBERS,IGNITE_IND,IGNITE_DATETIME,HOW_EXTINGUISHED,HOW_EXTINGUISHED_OTHER_DETAIL,PRODUCT_CONSUMED_BY_FIRE_BBLS,EXPLODE_IND,OIL_SPILL_RESP_PLAN_IND,OSRO_MOBILIZED_IND,OSRO_OPERATOR_NOTIFIED_DT,OSRO_ARRIVED_ON_SITE_DT,NUM_PUB_EVACUATED,ONSHORE_STATE_ABBREVIATION,ONSHORE_CITY_NAME,ONSHORE_COUNTY_NAME,FEDERAL,LOCATION_TYPE,CROSSING,BRIDGE_CROSSING_IND,BRIDGE_TYPE,RAILROAD_CROSSING_IND,RAILROAD_TYPE,ROAD_CROSSING_IND,ROAD_TYPE,WATER_CROSSING_IND,WATER_TYPE,WATER_NAME,WATER_DEPTH,WATER_SUBTYPE,YEAR_RECENT_ENG_EVALUATION,OFF_ACCIDENT_ORIGIN,OFFSHORE_STATE_ABBREVIATION,OFF_INSTATE_AREA,OFF_INSTATE_BLOCK,OFFSHORE_COUNTY_NAME,OCS_TYPE,OFF_OCS_AREA,OFF_OCS_BLOCK,ITEM_INVOLVED,PIPE_TYPE,JOINT_SUBTYPE,ITEM_INVOLVED_DETAILS,PIPE_DIAMETER,MATERIAL_INVOLVED,MATERIAL_DETAILS,PERCENT_PIPE_SMYS,CLASSIFICATION_PIPELINE_SYSTEM,WILDLIFE_IMPACT_IND,FISH_AQUATIC_IMPACT_IND,BIRDS_IMPACT_IND,TERRESTRIAL_IMPACT_IND,SOIL_CONTAMINATION,LONG_TERM_ASSESSMENT,REMEDIATION_IND,SURFACE_WATER_REMED_IND,GROUNDWATER_REMED_IND,SOIL_REMED_IND,VEGETATION_REMED_IND,WILDLIFE_REMED_IND,WATER_CONTAM_IND,OCEAN_SEAWATER_IND,SURFACE_CONTAM_IND,GROUNDWATER_CONTAM_IND,DRINKING_WATER_CONTAM_IND,PRIVATE_WELL_CONTAM_IND,PUBLIC_WATER_CONTAM_IND,AMOUNT_RELEASED_BBLS,REL_WATER_NAME,EST_COST_OPER_PAID,EST_COST_GAS_RELEASED,EST_COST_PROP_DAMAGE,EST_COST_EMERGENCY,EST_COST_ENVIRONMENTAL,EST_COST_OTHER,EST_COST_OTHER_DETAILS,PRPTY,NUM_PERSONS_HOSP_NOT_OVNGHT,NUM_INJURED_TREATED_BY_EMT,NUM_RESIDENT_BUILDING_AFFCTD,NUM_BUSINESS_BUILDING_AFFCTD,CAUSE,CAUSE_DETAILS,PREPARER_NAME,PREPARER_TITLE,PREPARER_EMAIL,PREPARER_TELEPHONE,PREPARER_FAX,LOCAL_CONTACT_NAME,LOCAL_CONTACT_EMAIL,LOCAL_CONTACT_TELEPHONE,NARRATIVE
23,12/5/2023,2023,20230101,38906,ORIGINAL,40149,MPLX LP,1515 ARAPAHOE STREET SUITE 1600,DENVER,CO,80202,11/6/2023 18:41,CENTRAL,YES,32.02366,-103.71251,CRUDE OIL,,,4.8,,4.8,NO,,,,,,0,NO,,,,,,0,"SCADA-BASED INFORMATION (SUCH AS ALARM(S), ALERT(S), EVENT(S), AND/OR VOLUME OR PACK CALCULATIONS)",,,11/6/2023 18:41,ONSHORE,NO,,,11/6/2023 20:14,,NRC NOTIFICATION NOT REQUIRED,,NO,,,,,,NO,NO,,,0,NM,JAL,LEA,NO,TOTALLY CONTAINED ON OPERATOR-CONTROLLED PROPERTY,NO,,,,,,,,,,,,,,,,,,,,,OTHER,,,PUMP,,MATERIAL OTHER THAN CARBON STEEL,PUMP SEAL PACKING,,REPORTING-REGULATED GATHERING,NO,,,,NO,NO,NO,,,,,,NO,,,,,,,,,0,390,200,0,0,0,,590,0,0,0,0,EQUIPMENT FAILURE,PUMP OR PUMP-RELATED EQUIPMENT,KEITH NORRIS,,wknorris@mplx.com,15053600834,,AMANDA INSKEEP,ainskeep@marathonpetroleum.com,14328940462,"11/06/2023 18:41 THE SAN ANTONIO PIPELINE OPERATIONS CENTER RECEIVED A HIGH SEAL POT ALARM AT ZIA HILLS CF1 ON PUMP 21 THIS ALARM SHUT THE PUMP DOWN, AND OPERATIONS WERE IMMEDIATELY DISPATCHED. THE CONTROLLER NOTIFIED THE THIRD-PARTY SHIPPER OF THE TEMPORARY OUTAGE.      20:14 - THE OPERATOR CALLED TO REQUEST ARMING P-31 ONLY AND ENABLING PERMISSIVE TO ZIA HILLS CF1. ARMED P-31 ONLY AND ENABLED PERMISSIVE.     20:15 - THE OPERATOR CALLED BACK TO REQUEST SHUTDOWN AND THE RUNNING PUMP WAS PUSHING OIL BACK INTO P21. SHUTDOWN SITE.     20:44 - THE OPERATOR HAS ISOLATED THE MANUAL SUCTION AND DISCHARGE VALVES FOR P-21 AND REQUESTS THE STARTUP OF P-31. STARTED P31. THE OPERATOR REPORTS THAT NO FURTHER OIL IS FILLING THE SUMP, AND THE SITE CAN RESUME OPERATIONS WITH P31 ONLY.     NO OIL WAS RELEASED FROM THE SKID WITH NO SOIL CONTAMINATION. ALL THE OIL HAS BEEN RECOVERED FROM THE SKID. THE OPERATOR SAID THE PUMP PACKING BOLTS HAD BACKED OFF AND MAINTENANCE WAS DISPATCHED TO MAKE THE REPAIRS.     23:45 - THE PUMP SEAL HAS BEEN REPAIRED AND P21 WAS BACK IN SERVICE.    CORRECTIVE ACTION: THE PUMP CASE WAS DRILLED AND TAPED TO ALLOW FOR LONGER BOLTS, AND LOCKING NUTS WERE INSTALLED TO PREVENT THE BOLTS FROM WORKING OUT."
24,12/12/2023,2023,20230106,38944,ORIGINAL,40379,NOBLE ENERGY INC,6301 DEAUVILLE BLVD,MIDLAND,TX,79706,11/6/2023 11:00,CENTRAL,NO,31.32943,-103.40897,CRUDE OIL,,,132.0,,132.0,NO,,,,,,0,NO,,,,,,0,"LOCAL OPERATING PERSONNEL, INCLUDING CONTRACTORS",,OPERATOR EMPLOYEE,11/6/2023 11:00,ONSHORE,NO,,,11/6/2023 12:00,,NRC NOTIFICATION NOT REQUIRED,,NO,,,,,,YES,NO,,,0,TX,PECOS,REEVES,NO,PIPELINE RIGHT-OF-WAY,NO,,,,,,,,,,,,,,,,,,,,,PIPE,PIPE BODY,,,8.625,CARBON STEEL,,3.22,REPORTING-REGULATED GATHERING,NO,,,,YES,NO,YES,,,YES,,,NO,,,,,,,,,0,9240,25000,0,80000,0,,114240,0,0,0,0,CORROSION FAILURE,INTERNAL CORROSION,RANDY TURNER,PIPELINE REGULATORY ADVISOR,randy.turner@chevron.com,2815130257,,RANDY TURNER,randy.turner@chevron.com,2815130257,"OPERATOR EMPLOYEE WAS TRAVELING THE RIGHT-OF-WAY DURING ROUTINE OPERATIONS AND NOTICED OIL ON THE GROUND.  EMPLOYEE NOTIFIED PRODUCTION SUPERVISOR OF RELEASE AND CREW WAS DISPATCHED TO SITE TO ISOLATE THE AFFECTED PIPELINE AND DRAIN THE LINE FILL VIA VAC TRUCKS.  FOLLOWING DAY PIPELINE WAS EXCAVATED TO FIND FAILURE POINT, CLAMP WAS INSTALLED ON AFFECTED PIPE, AND PIPE WAS FLUSHED WITH WATER FIRST, FOLLOWED BY AIR (WITH PIGS) TO REMOVE REMAINING PRODUCT.  ONCE PIPELINE WAS HYDROCARBON FREE, REMEDIATION WORK COMMENCED BY REMOVING AFFECTED SOIL.  REMEDIATION WORK IS STILL IN PROGRESS AT TIME OF THIS REPORT WITH PLAN BEING TO REMOVE ALL AFFECTED SOIL AND REPLACE WITH CLEAN SOIL.  AFFECTED SOIL IS BEING TRANSPORTED TO DISPOSAL SITE FOR FURTHER PROCESSING.  PERMANENT REPAIRS TO PIPELINE SEGMENT ARE ALSO IN PROGRESS CONSISTING OF REMOVING AFFECTED PIPE AND REPLACEMENT WITH NEW PIPE.  ROOT CAUSE INVESTIGATION FOLLOWING COMPANY PROCESSES IN IN PROGRESS AND FINAL REPORT HAS NOT BEEN ISSUED AT THE TIME OF THIS REPORT.  INITIAL INDICATIONS ARE THAT FAILURE WAS DUE TO INTERNAL CORROSION EXACERBATED BY HIGH WATER CONTENT IN CRUDE OIL AND LOW FLOW RATE CONDITIONS."
25,11/21/2023,2023,20230095,38845,SUPPLEMENTAL FINAL,32619,"HILAND CRUDE, LLC","1001 LOUISIANA ST, SUITE 1000",HOUSTON,TX,77002,11/5/2023 12:40,CENTRAL,NO,48.19817,-103.103545,CRUDE OIL,,,1.16,,1.16,NO,,,,,,0,NO,,,,,,0,"LOCAL OPERATING PERSONNEL, INCLUDING CONTRACTORS",,OPERATOR EMPLOYEE,11/5/2023 12:40,ONSHORE,NO,,,11/5/2023 12:40,,NRC NOTIFICATION NOT REQUIRED,,NO,,,,,,NO,NO,,,0,ND,RAY,WILLIAMS,NO,TOTALLY CONTAINED ON OPERATOR-CONTROLLED PROPERTY,NO,,,,,,,,,,,,,,,,,,,,,OTHER,,,NIPPLE,,MATERIAL OTHER THAN CARBON STEEL,STAINLESS STEEL,,GRAVITY GATHERING,NO,,,,NO,NO,NO,,,,,,NO,,,,,,,,,0,88,500,50,950,450,DISPOSAL COST OF SPILL WASTE,2038,0,0,0,0,EQUIPMENT FAILURE,THREADED CONNECTION/COUPLING FAILURE,WM. MARTIN MULLER,SPECIALSIT-PIPELINE TECHNICAL,martin_muller@kindermorgan.com,205-325-3863,205-325-3509,RICHARD ESTLING,richard_estling@kindermorgan.com,701-580-8027,"AN OPERATOR EMPLOYEE PERFORMING GAUGING ACTIVES AT THE KIEFEL 2-3 SITE FOUND CRUDE SPILLED WITHIN LINED CONTAINMENT.  SAID EMPLOYEE, USING THE SAFE APPROACH CHECK LIST, SHUT OFF THE FACILITY PUMP AND ISOLATED THE APPROPRIATE PIPING.      THE OPERATOR EMPLOYEE NOTIFIED MANAGEMENT AND THE EMERGENCY RESPONSE PROTOCOL BEGAN INCLUDING AN EMERGENCY RESPONSE LINE CALL.  DURING THE DEDICATED CALL, IT WAS DEEMED THAT THE SPILL WAS REPORTABLE BY 30-DAY INCIDENT REPORT.      ADDITIONAL RESOURCES WERE MOBILIZED AT 12:50-HOURS TO RESPOND TO THE SITE FOR REPAIR AND CLEANUP PURPOSES.  INVESTIGATION DISCOVERED THAT A CRACKED PIPE NIPPLE, LOCATED IN THE HEADER, WAS THE ORIGIN OF THE SPILL.  THE CAUSE OF THE CRACKED PIPE NIPPLE WAS DETERMINED TO BE VIBRATION.  REPAIR OF THE PIPE NIPPLE WAS COMPLETED AND THE FACILITY RETURNED TO SERVICE ON 11/05/2023.  SPILL CLEANUP COMMENCED ON THE SAME DATE WITH USE OF ABSORBENT MATERIAL AND WAS COMPLETED ON 11/06/2023 WITH USE OF HYDRO-VACUUM EQUIPMENT."
26,12/5/2023,2023,20230102,38988,SUPPLEMENTAL FINAL,39950,"3 BEAR DELAWARE OPERATING-NM, LLC",12700 PARK CENTRAL DRIVE SUITE 700,DALLAS,TX,75251,11/5/2023 9:15,MOUNTAIN,NO,32.414493,-103.473866,CRUDE OIL,,,11.0,,9.5,NO,,,,,,0,NO,,,,,,0,NOTIFICATION FROM PUBLIC,,,11/5/2023 9:15,ONSHORE,NO,,,11/5/2023 9:25,,NRC NOTIFICATION NOT REQUIRED,,NO,,,,,,NO,NO,,,0,NM,OIL CENTER,LEA,YES,TOTALLY CONTAINED ON OPERATOR-CONTROLLED PROPERTY,NO,,,,,,,,,,,,,,,,,,,,,OTHER,,,MECHANICAL SEAL,,MATERIAL OTHER THAN CARBON STEEL,CARBIDE/RUBBER,,REPORTING-REGULATED GATHERING,NO,,,,YES,NO,NO,,,,,,NO,,,,,,,,,0,122,624,1500,0,0,,2246,0,0,0,0,EQUIPMENT FAILURE,PUMP OR PUMP-RELATED EQUIPMENT,NATHANAEL FOLDS,REGULATORY COMPLIANCE COORDINATOR,nathanael.folds@deleklogistics.com,3256685887,,ALONSO RODRIGUEZ,alonso.rodriguez@deleklogistics.com,8063363650,"ON NOVEMBER 5, 2023, AT 9:15 A.M., THE OPERATOR WAS NOTIFIED OF A CRUDE OIL RELEASE AT THE BLACK SHEEP 4 LEASE AUTOMATIC CUSTODY TRANSFER (LACT) SITE. THE OPERATOR IMMEDIATELY NOTIFIED THE OPERATIONS CONTROL CENTER (OCC) TO DISABLE THE LACT UNIT. THE RELEASE ORIGINATED FROM A MECHANICAL SEAL FAILURE ON THE CHARGE PUMP. THERE WERE NO INJURIES, AND THE SITE WAS CLEANED UP AND REPAIRED PROMPTLY."
27,12/5/2023,2023,20230100,38905,ORIGINAL FINAL,40149,MPLX LP,1515 ARAPAHOE STREET SUITE 1600,DENVER,CO,80202,11/3/2023 10:00,CENTRAL,YES,32.04262,-103.64637,CRUDE OIL,,,1.3,,1.3,NO,,,,,,0,NO,,,,,,0,"LOCAL OPERATING PERSONNEL, INCLUDING CONTRACTORS",,OPERATOR EMPLOYEE,11/3/2023 10:00,ONSHORE,NO,,,11/3/2023 10:00,,NRC NOTIFICATION NOT REQUIRED,,NO,,,,,,NO,NO,,,0,NM,JAL,LEA,NO,TOTALLY CONTAINED ON OPERATOR-CONTROLLED PROPERTY,NO,,,,,,,,,,,,,,,,,,,,,OTHER,,,NIPPLE UNDER TRV,,CARBON STEEL,,0.01,REPORTING-REGULATED GATHERING,NO,,,,YES,NO,NO,,,,,,NO,,,,,,,,,0,160,200,0,1000,0,,1360,0,0,0,0,EQUIPMENT FAILURE,THREADED CONNECTION/COUPLING FAILURE,KEITH NORRIS,,wknorris@mplx.com,15053600834,,AMANDA INSKEEP,ainskeep@marathonpetroleum.com,14328940462,"11/03/202 10:00 CT: DURING NORMAL STATION ROUNDS, THE FACILITY OPERATOR DISCOVERED A RELEASE AT SALADO 23 (CTB-0610). UPON DISCOVERY, THE OPERATOR IMMEDIATELY ESD'D THE SITE. THE RELEASE SOURCE APPEARS TO BE FROM A CRACK IN THE THREADED NIPPLE UNDER A TRV, LIKELY CAUSED BY VIBRATION.  THE ON-SITE OPERATOR IMPLEMENTED A CRITICAL BYPASS TO ISOLATE THE FAILED TRV PIPING AND ALLOW THE SITE TO RESUME NORMAL OPERATIONS.      11:54 - A CRITICAL BYPASS WAS RECEIVED, AND THE SITE RESTARTED FLOW.     16:25 - REPAIR HAS BEEN COMPLETED, AND THE SITE RETURNED TO NORMAL OPERATION; THE CRITICAL BYPASS WAS REMOVED AND CLEARED.  ALL OIL STAYED ON THE FACILITY; IT HAS BEEN CLEANED UP."
28,12/1/2023,2023,20230099,38894,ORIGINAL FINAL,40149,MPLX LP,1515 ARAPAHOE STREET SUITE 1600,DENVER,CO,80202,11/2/2023 19:00,CENTRAL,NO,35.90011,-98.10635,CRUDE OIL,,,818.0,,750.0,NO,,,,,,0,NO,,,,,,0,NOTIFICATION FROM PUBLIC,,,11/2/2023 19:00,ONSHORE,NO,,,11/2/2023 20:12,11/3/2023 0:05,1383332,,NO,,,,,,YES,YES,11/2/2023 21:30,11/2/2023 22:00,0,OK,KINGFISHER,KINGFISHER,NO,PIPELINE RIGHT-OF-WAY,NO,,,,,,,,,,,,,,,,,,,,,PIPE,PIPE BODY,,,6.0,CARBON STEEL,,0.01,REPORTING-REGULATED GATHERING,NO,,,,YES,YES,YES,,YES,YES,,,NO,,,,,,,,,0,7000,500000,500000,1500000,0,,2507000,0,0,0,0,CORROSION FAILURE,INTERNAL CORROSION,KEITH NORRIS,COMPLIANCE SPECIALIST,wknorris@mplx.com,5053600834,,DREY RASCO,dtrasco@marathonpetroleum.com,405-648-2386,"ON 11/02/2023 AT 19:00 CT., A LANDOWNER CONTACTED AN MPLX LAND AGENT ABOUT A POSSIBLE CRUDE OIL LEAK ON HIS PROPERTY APPROXIMATELY 1\4 MILE NW OF HELEN COMPRESSOR STATION. THE LAND AGENT IMMEDIATELY CONTACTED THE LOCAL AREA SUPERVISION, WHO DISPATCHED AN OPERATOR TO CONFIRM THE LEAK.   ONCE THE OPERATOR CONFIRMED THE LEAK AT 20:12, THE OPERATIONS SUPERVISOR INITIATED A MAPLINE CALL. ADDITIONAL PERSONNEL WERE CALLED OUT TO SHUT DOWN THE WELLS FLOWING INTO THE PIPELINE AND ISOLATE THE LEAK. THE PIPELINE WAS SHUT DOWN AT 22:53. THE LEAK WAS INTERNAL CORROSION LOCATED AT THE 6:00 O'CLOCK POSITION.  ON 11/06/2023 THE PIPE SEGMENT WAS CUT OUT AND REPLACED.  ON 11/07/2023, THE PIPELINE WAS PUT BACK INTO SERVICE.  EXCAVATION OF IMPACTED SOIL HAS BEEN ONGOING. HEAVILY IMPACTED SOIL IS BEING DISPOSED OF, HOWEVER SOIL SHREDDING IS BEING CONDUCTED AS WELL TO BRING TPH LEVELS BELOW THE ESTABLISHED STANDARDS. DEWATERING AND PRODUCT REMOVAL HAVE BEEN ONGOING WITHIN THE EXCAVATION. THE REMEDIATION PLAN FOR THE IMMEDIATE FUTURE IS TO REMOVE, TREAT, AND SHRED THE TOP 3' OF THE DELINEATED IMPACT ZONE. GROUNDWATER MONITORING WELLS WILL BE PLACED AT POSITIONS TO BEST EFFECT RECOVERY AND ASCERTAIN IMPACT CLEARANCE."
29,11/29/2023,2023,20230097,38860,ORIGINAL FINAL,30829,ENTERPRISE CRUDE PIPELINE LLC,1100 LOUISIANA STREET,HOUSTON,TX,77002,10/31/2023 16:25,CENTRAL,NO,31.848542,-102.08949,CRUDE OIL,,,18.0,,18.0,NO,,,,,,0,NO,,,,,,0,OTHER,THIRD PARTY,,10/31/2023 16:25,ONSHORE,NO,,,10/31/2023 17:00,,NRC NOTIFICATION NOT REQUIRED,,NO,,,,,,YES,YES,10/31/2023 17:45,10/31/2023 19:00,0,TX,,MIDLAND,NO,"ORIGINATED ON OPERATOR-CONTROLLED PROPERTY, BUT THEN FLOWED OR MIGRATED OFF THE PROPERTY",NO,,,,,,,,,,,,,,,,,,,,,OTHER,,,1/2 INCH NIPPLE,,CARBON STEEL,,0.23,REPORTING-REGULATED GATHERING,NO,,,,NO,NO,NO,,,,,,NO,,,,,,,,,1500,1440,25,41000,0,750,SEED MIXTURE FOR RE-VEGETATION,44715,0,0,0,0,EQUIPMENT FAILURE,THREADED CONNECTION/COUPLING FAILURE,YAROSLAV BIL,PIPELINE COMPLIANCE ENGINEER,ybil@eprod.com,713-381-5650,,YAROSLAV BIL,ybil@eprod.com,713-381-5650,"ON 10/31/2023 AT 4:25 PM CST ENTERPRISE TECHNICIAN WAS NOTIFIED BY A THIRD-PARTY PRODUCER ABOUT A CRUDE RELEASE AT TEXAS TENN AA STATION. UPON DISPATCH ENTERPRISE TECHNICIAN LOCATED A FAILED 1/2-INCH NIPPLE AT THE DISCHARGE OF A PRESSURE TRANSMITTER; 18 BARRELS OF CRUDE OIL REACHED THE GROUND. THE AREA HAS BEEN ISOLATED AND REMEDIATED. THE NIPPLE, TUBING AND TRANSMITTER HAVE BEEN REPLACED AND AFFECTED SEGMENT RETURNED TO SERVICE."
30,11/29/2023,2023,20230098,38991,SUPPLEMENTAL FINAL,15851,"DELEK MARKETING AND SUPPLY, LP",12700 PARK CENTRAL DRIVE SUITE 700,DALLAS,TX,75251,10/31/2023 13:30,CENTRAL,YES,32.419231,-102.125062,CRUDE OIL,,,1.5,,0.0,NO,,,,,,0,NO,,,,,,0,NOTIFICATION FROM PUBLIC,,,10/31/2023 13:30,ONSHORE,NO,,,10/31/2023 14:00,,NRC NOTIFICATION NOT REQUIRED,,NO,,,,,,NO,NO,,,0,TX,TARZAN,MARTIN,NO,TOTALLY CONTAINED ON OPERATOR-CONTROLLED PROPERTY,NO,,,,,,,,,,,,,,,,,,,,,OTHER,,,2.5-INCH THREADED UNION,,CARBON STEEL,,0.01,REPORTING-REGULATED GATHERING,NO,,,,YES,NO,NO,,,,,,NO,,,,,,,,,4000,122,0,1500,0,0,,5622,0,0,0,0,EQUIPMENT FAILURE,THREADED CONNECTION/COUPLING FAILURE,NATHANAEL FOLDS,REGULATORY COMPLIANCE COORDINATOR,nathanael.folds@deleklogistics.com,3256685887,,ALONSO RODRIGUEZ,alonso.rodriguez@deleklogistics.com,8063363650,"ON OCTOBER 31, 2023, AT APPROXIMATELY 1:30 P.M., THE OPERATIONS CONTROL CENTER (OCC) WAS NOTIFIED OF A RELEASE AT THE HOLT NORTH LEASE AUTOMATIC CUSTODY TRANSFER (LACT) SITE. APPROXIMATELY 1.5 BARRELS OF CRUDE OIL WERE RELEASED. THE CAUSE OF THE RELEASE WAS A FAILURE OF A 2.5-INCH THREADED UNION ON THE PSV. THERE WERE NO INJURIES, AND THE SITE WAS CLEANED UP AND REPAIRED PROMPTLY."
31,12/6/2023,2023,20230103,38912,ORIGINAL FINAL,40149,MPLX LP,1515 ARAPAHOE STREET SUITE 1600,DENVER,CO,80202,10/31/2023 7:15,CENTRAL,YES,31.97815,-103.663356,CRUDE OIL,,,195.0,,175.0,NO,,,,,,0,NO,,,,,,0,"LOCAL OPERATING PERSONNEL, INCLUDING CONTRACTORS",,OPERATOR EMPLOYEE,10/31/2023 7:15,ONSHORE,NO,,,10/31/2023 7:15,10/31/2023 12:52,1383125,183316,NO,,,,,,NO,NO,,,0,TX,MENTONE,LOVING,NO,TOTALLY CONTAINED ON OPERATOR-CONTROLLED PROPERTY,NO,,,,,,,,,,,,,,,,,,,,,PIPE,PIPE BODY,,,8.0,CARBON STEEL,,0.01,REPORTING-REGULATED GATHERING,NO,,,,NO,NO,YES,,,YES,,,NO,,,,,,,,,0,15795,200000,0,300000,0,,515795,0,0,0,0,CORROSION FAILURE,INTERNAL CORROSION,KEITH NORRIS,,wknorris@mplx.com,15053600834,,AMANDA INSKEEP,ainskeep@marathonpetroleum.com,14328940462,"ON OCTOBER 31 AT 7:15 MOUNTAIN TIME, LOCAL OPERATIONS DISCOVERED CRUDE ON THE GROUND AT THE CONAN STATION SUSPECTED TO BE ORIGINATING FROM A SECTION OF PIPE THAT WOULD ALLOW A TIGHT LINE MOVEMENT FROM CR1 STATION TO STATELINE.    CR1 TO CONAN AND CONAN TO STATELINE PIPELINES WERE SHUT IN TO INSTALL BLINDS ON THE AFFECTED SECTION OF PIPING.   CR1 TO CONAN AND CONAN TO STATELINE WERE ALLOWED TO RESUME NORMAL OPERATION AFTER THE SPEC BLIND HAD BEEN FLIPPED, ISOLATING THE AFFECTED SECTION OF PIPING.     CORRECTIVE ACTIONS:  EXCAVATION OF IMPACTED SOIL HAS BEEN ONGOING. HEAVILY IMPACTED SOIL IS BEING DISPOSED OF; HOWEVER, SOIL SHREDDING IS ALSO BEING CONDUCTED TO BRING TPH LEVELS BELOW THE ESTABLISHED STANDARDS. THE REMEDIATION PLAN FOR THE IMMEDIATE FUTURE IS TO REMOVE AND TREAT THE DELINEATED IMPACT ZONE.   THE AFFECTED 8' BYPASS LINE HAS BEEN DISCONNECTED FROM THE STATION PIPING, DE-INVENTORIED, CLEANED, AND ABANDONED IN PLACE."
32,11/28/2023,2023,20230096,38992,SUPPLEMENTAL FINAL,15851,"DELEK MARKETING AND SUPPLY, LP",12700 PARK CENTRAL DRIVE SUITE 700,DALLAS,TX,75251,10/30/2023 9:44,CENTRAL,YES,32.483617,-101.273387,CRUDE OIL,,,3.0,,2.0,NO,,,,,,0,NO,,,,,,0,NOTIFICATION FROM PUBLIC,,,10/30/2023 9:44,ONSHORE,NO,,,10/30/2023 10:10,,NRC NOTIFICATION NOT REQUIRED,,NO,,,,,,NO,NO,,,0,TX,COAHOMA,HOWARD,NO,TOTALLY CONTAINED ON OPERATOR-CONTROLLED PROPERTY,NO,,,,,,,,,,,,,,,,,,,,,OTHER,,,1/4-INCH NIPPLE,,MATERIAL OTHER THAN CARBON STEEL,STAINLESS STEEL,,REPORTING-REGULATED GATHERING,NO,,,,YES,NO,NO,,,,,,NO,,,,,,,,,6000,83,1400,1000,0,0,,8483,0,0,0,0,EQUIPMENT FAILURE,THREADED CONNECTION/COUPLING FAILURE,NATHANAEL FOLDS,REGULATORY COMPLIANCE COORDINATOR,nathanael.folds@deleklogistics.com,3256685887,,ALONSO RODRIGUEZ,alonso.rodriguez@deleklogistics.com,8063363650,"ON OCTOBER 30, 2023, AT APPROXIMATELY 9:44 A.M., THE OPERATIONS CONTROL CENTER (OCC) WAS NOTIFIED OF A RELEASE AT THE MANN LEASE AUTOMATIC CUSTODY TRANSFER (LACT) UNIT. APPROXIMATELY 3 BARRELS OF CRUDE OIL WERE RELEASED. THE RELEASE ORIGINATED FROM THREADS SPLITTING ON A 1/4-INCH NIPPLE THAT WAS ATTACHED TO THE SAMPLER MANIFOLD DUE TO VIBRATION. THERE WERE NO INJURIES, AND THE SITE WAS CLEANED UP AND REPAIRED PROMPTLY."