,REPORT_RECEIVED_DATE,IYEAR,REPORT_NUMBER,SUPPLEMENTAL_NUMBER,REPORT_TYPE,OPERATOR_ID,NAME,OPERATOR_STREET_ADDRESS,OPERATOR_CITY_NAME,OPERATOR_STATE_ABBREVIATION,OPERATOR_POSTAL_CODE,LOCAL_DATETIME,TIME_ZONE,DAYLIGHT_SAVINGS_IND,LOCATION_LATITUDE,LOCATION_LONGITUDE,COMMODITY_RELEASED_TYPE,COMMODITY_SUBTYPE,COMMODITY_DETAILS,UNINTENTIONAL_RELEASE_BBLS,INTENTIONAL_RELEASE_BBLS,RECOVERED_BBLS,FATALITY_IND,NUM_EMP_FATALITIES,NUM_CONTR_FATALITIES,NUM_ER_FATALITIES,NUM_WORKER_FATALITIES,NUM_GP_FATALITIES,FATAL,INJURY_IND,NUM_EMP_INJURIES,NUM_CONTR_INJURIES,NUM_ER_INJURIES,NUM_WORKER_INJURIES,NUM_GP_INJURIES,INJURE,ACCIDENT_IDENTIFIER,ACCIDENT_DETAILS,OPERATOR_TYPE,INCIDENT_IDENTIFIED_DATETIME,ON_OFF_SHORE,COMMUNICATION_STATE_FED_IND,PARTY_INITIATED_COMMUNICATION,INITIAL_RESPONDER_COM_DATETIME,ON_SITE_DATETIME,NRC_RPT_DATETIME,NRC_RPT_NUM,ADDITIONAL_NRC_REPORT_NUMBERS,IGNITE_IND,IGNITE_DATETIME,HOW_EXTINGUISHED,HOW_EXTINGUISHED_OTHER_DETAIL,PRODUCT_CONSUMED_BY_FIRE_BBLS,EXPLODE_IND,OIL_SPILL_RESP_PLAN_IND,OSRO_MOBILIZED_IND,OSRO_OPERATOR_NOTIFIED_DT,OSRO_ARRIVED_ON_SITE_DT,NUM_PUB_EVACUATED,ONSHORE_STATE_ABBREVIATION,ONSHORE_CITY_NAME,ONSHORE_COUNTY_NAME,FEDERAL,LOCATION_TYPE,CROSSING,BRIDGE_CROSSING_IND,BRIDGE_TYPE,RAILROAD_CROSSING_IND,RAILROAD_TYPE,ROAD_CROSSING_IND,ROAD_TYPE,WATER_CROSSING_IND,WATER_TYPE,WATER_NAME,WATER_DEPTH,WATER_SUBTYPE,YEAR_RECENT_ENG_EVALUATION,OFF_ACCIDENT_ORIGIN,OFFSHORE_STATE_ABBREVIATION,OFF_INSTATE_AREA,OFF_INSTATE_BLOCK,OFFSHORE_COUNTY_NAME,OCS_TYPE,OFF_OCS_AREA,OFF_OCS_BLOCK,ITEM_INVOLVED,PIPE_TYPE,JOINT_SUBTYPE,ITEM_INVOLVED_DETAILS,PIPE_DIAMETER,MATERIAL_INVOLVED,MATERIAL_DETAILS,PERCENT_PIPE_SMYS,CLASSIFICATION_PIPELINE_SYSTEM,WILDLIFE_IMPACT_IND,FISH_AQUATIC_IMPACT_IND,BIRDS_IMPACT_IND,TERRESTRIAL_IMPACT_IND,SOIL_CONTAMINATION,LONG_TERM_ASSESSMENT,REMEDIATION_IND,SURFACE_WATER_REMED_IND,GROUNDWATER_REMED_IND,SOIL_REMED_IND,VEGETATION_REMED_IND,WILDLIFE_REMED_IND,WATER_CONTAM_IND,OCEAN_SEAWATER_IND,SURFACE_CONTAM_IND,GROUNDWATER_CONTAM_IND,DRINKING_WATER_CONTAM_IND,PRIVATE_WELL_CONTAM_IND,PUBLIC_WATER_CONTAM_IND,AMOUNT_RELEASED_BBLS,REL_WATER_NAME,EST_COST_OPER_PAID,EST_COST_GAS_RELEASED,EST_COST_PROP_DAMAGE,EST_COST_EMERGENCY,EST_COST_ENVIRONMENTAL,EST_COST_OTHER,EST_COST_OTHER_DETAILS,PRPTY,NUM_PERSONS_HOSP_NOT_OVNGHT,NUM_INJURED_TREATED_BY_EMT,NUM_RESIDENT_BUILDING_AFFCTD,NUM_BUSINESS_BUILDING_AFFCTD,CAUSE,CAUSE_DETAILS,PREPARER_NAME,PREPARER_TITLE,PREPARER_EMAIL,PREPARER_TELEPHONE,PREPARER_FAX,LOCAL_CONTACT_NAME,LOCAL_CONTACT_EMAIL,LOCAL_CONTACT_TELEPHONE,NARRATIVE
56,8/17/2023,2023,20230069,38420,ORIGINAL FINAL,40149,MPLX LP,1515 ARAPAHOE STREET SUITE 1600,DENVER,CO,80202,7/17/2023 10:30,MOUNTAIN,NO,32.14016,-103.61444,CRUDE OIL,,,0.2,,0.2,NO,,,,,,0,NO,,,,,,0,NOTIFICATION FROM PUBLIC,,,7/17/2023 10:35,ONSHORE,NO,,,7/17/2023 10:35,,NRC NOTIFICATION NOT REQUIRED,,NO,,,,,,NO,NO,,,0,NM,JAL,LEA,YES,TOTALLY CONTAINED ON OPERATOR-CONTROLLED PROPERTY,NO,,,,,,,,,,,,,,,,,,,,,"JOINT, INCLUDING HEAT-AFFECTED ZONE",,FILLET JOINT,,,CARBON STEEL,,0.01,REPORTING-REGULATED GATHERING,NO,,,,YES,NO,NO,,,,,,NO,,,,,,,,,0,20,1687,0,250,0,,1957,0,0,0,0,MATERIAL FAILURE OF PIPE OR WELD,"DESIGN-, CONSTRUCTION-, INSTALLATION-, OR FABRICATION-RELATED",KEITH NORRIS,PIPELINE COMPLIANCE,wknorris@mplx.com,15053600834,,TONY MINUTILLO,tminutillo@mplx.com,3034893275,"JULY 17 @ 10:30 MT THE CONTROL ROOM OPERATOR RECEIVED A CALL ON THE EMERGENCY LINE ABOUT A LEAKING VALVE WITH PRODUCT SPRAYING FROM IT AT CTB 127. THE LACT WAS DISARMED AND SHUT DOWN UNTIL LOCAL OPERATIONS CONFIRMED THE SPILL AND THE SOURCE OF THE LEAK.    JULY 17 @ 10:35 MT THE OPERATOR ARRIVED ON LOCATION TO FIND A 1 1/2"" PIPE NIPPLE HAD CRACKED NEXT TO THE WELD. THE ROOT CAUSE WAS VIBRATION.   JULY 17 @ 11:00 MT THE FACILITY WAS PUT BACK ONLINE."
57,8/9/2023,2023,20230068,38394,SUPPLEMENTAL FINAL,40149,MPLX LP,1515 ARAPAHOE STREET SUITE 1600,DENVER,CO,80202,7/14/2023 5:30,MOUNTAIN,YES,32.14016,-103.61444,CRUDE OIL,,,7.5,,7.5,NO,,,,,,0,NO,,,,,,0,NOTIFICATION FROM PUBLIC,,,7/14/2023 6:10,ONSHORE,NO,,,7/14/2023 6:10,,NRC NOTIFICATION NOT REQUIRED,,NO,,,,,,NO,NO,,,0,NM,JAL,LEA,YES,"ORIGINATED ON OPERATOR-CONTROLLED PROPERTY, BUT THEN FLOWED OR MIGRATED OFF THE PROPERTY",NO,,,,,,,,,,,,,,,,,,,,,OTHER,,,"TRV TEST PORT 1"" THREADS",,CARBON STEEL,,0.01,REPORTING-REGULATED GATHERING,NO,,,,NO,NO,NO,,,,,,NO,,,,,,,,,0,580,40,0,110707,0,,111327,0,0,0,0,EQUIPMENT FAILURE,THREADED CONNECTION/COUPLING FAILURE,KEITH NORRIS,PIPELINE COMPLIANCE,wknorris@mplx.com,15053600834,,TONY MINUTILLO,tminutillo@mplx.com,3034893275,"ON JULY 14 AT 5:30 CENTRAL TIME, EOG OPERATIONS NOTIFIED THE CONTROL ROOM POC OF A RELEASE AT THE WELL SITE.  THE WELL SITE WAS IMMEDIATELY SHUT DOWN AND ISOLATED.  THE ON-CALL OPERATOR ARRIVED ONSIGHT AT 6:20 AND ISOLATED THE LEAK.  THE RELEASE POINT WAS AT 1"" TREADED NIPPLE BELOW THE THERMAL RELIEF VALVE.THE 1"" NIPPLE CRACKED IN THE TREADS DUE TO VIBRATION.  THE NIPPLE WAS REPLACED WITH A PLUG AFTER THE BROKEN NIPPLE WAS REMOVED AND THE SITE WAS BROUGHT ONLINE."
58,7/24/2023,2023,20230061,38315,ORIGINAL FINAL,39147,"ENABLE GAS GATHERING, LLC",1300 MAIN STREET,HOUSTON,TX,77002,7/7/2023 12:20,CENTRAL,YES,35.045245,-97.813983,CRUDE OIL,,,25.0,,25.0,NO,,,,,,0,NO,,,,,,0,"LOCAL OPERATING PERSONNEL, INCLUDING CONTRACTORS",,OPERATOR EMPLOYEE,7/7/2023 12:20,ONSHORE,YES,OPERATOR,7/7/2023 13:40,7/7/2023 12:30,7/7/2023 13:15,1372386,1372500,NO,,,,,,YES,YES,7/7/2023 12:20,7/7/2023 12:30,0,OK,CHICKASHA,GRADY,NO,PIPELINE RIGHT-OF-WAY,NO,,,,,,,,,,,,,,,,,,,,,PIPE,PIPE BODY,,,6.0,CARBON STEEL,,48.79,REPORTING-REGULATED GATHERING,NO,,,,YES,YES,YES,YES,,YES,,,YES,,YES,,,,,1.0,UNNAMED TRIBUTARY TO EAST BITTER CREEK,10000,0,20000,150000,170000,0,,350000,0,0,0,0,CORROSION FAILURE,INTERNAL CORROSION,TODD NARDOZZI,DIRECTOR - REGULATORY COMPLIANCE,todd.nardozzi@energytransfer.com,713-989-7126,,,,,"ON 7/7/23 AT APPROXIMATELY 12:20, OPERATIONS DISCOVERED A LEAK ON THE EOCS CRUDE SYSTEM. THE CONTROL CENTER WAS CALLED TO SHUTDOWN THE SYSTEM AND THE RELEASE WAS SECURE AT 19:00. OPERATIONS VERIFIED THE LEAK WAS COMING FROM THE TRIPLE H (B-4) 6-INCH GATHERING LINE THAT DELIVERS INTO NAPLES TERMINAL.     AN ESTIMATED 25 BARRELS OF CRUDE OIL WAS RELEASED, WITH 1 BARREL REACHING AN UNNAMED TRIBUTARY TO EAST BITTER CREEK. CLEANUP CREWS BOOMED THE CREEK AND USED A VAC TRUCK TO RECOVERY FREE PRODUCT.     A PLIDCO CLAMP WAS INSTALLED ON 7/7. THE NDE SCAN DETERMINED THE CAUSE OF THE ACCIDENT WAS DUE TO INTERNAL CORROSION."
59,8/4/2023,2023,20230066,38356,SUPPLEMENTAL,31888,CENTURION PIPELINE L.P.,1300 MAIN STREET,HOUSTON,TX,77002,7/7/2023 12:15,CENTRAL,YES,31.53729,-101.76637,CRUDE OIL,,,2.0,,2.0,NO,,,,,,0,NO,,,,,,0,"LOCAL OPERATING PERSONNEL, INCLUDING CONTRACTORS",,CONTRACTOR WORKING FOR THE OPERATOR,7/6/2023 12:15,ONSHORE,NO,,,7/6/2023 12:15,,NRC NOTIFICATION NOT REQUIRED,,NO,,,,,,NO,NO,,,0,TX,MIDKIFF,REAGAN,NO,TOTALLY CONTAINED ON OPERATOR-CONTROLLED PROPERTY,NO,,,,,,,,,,,,,,,,,,,,,PIPE,PIPE BODY,,,4.0,CARBON STEEL,,0.8,REPORTING-REGULATED GATHERING,NO,,,,NO,NO,YES,,,YES,,,NO,,,,,,,,,0,150,12000,1000,500,0,,13650,0,0,0,0,CORROSION FAILURE,INTERNAL CORROSION,YVAN TY,SENIOR COMPLIANCE SPECIALIST,yvan.ty@energytransfer.com,281-748-8205,,,,,"ON JULY 6, 2023, AN AERIAL PATROL CONTRACTOR INFORMED CENTURION PIPELINE, L.P. (CPL) OF A LEAK AT 11:30 AM. A CPL EMPLOYEE ARRIVED ON-SITE AT APPROXIMATELY 12:15 PM AND CONFIRMED THE LEAK WAS ON CPL'S 4-INCH ""SHERROD LACT"" PIPE SEGMENT LOCATED NEAR MIDKIFF, TEXAS IN REAGAN COUNTY, TEXAS AT 12:15 PM. TWO (2) BARRELS OF CRUDE OIL WAS RELEASED AND RECOVERED DURING THE PROCESS. CPL HAS REMEDIATED THE CONTAMINATED SOIL ON SITE. NO INJURIES, FATALITIES OR FIRES WERE ASSOCIATED WITH THIS INCIDENT. TEMPORARY REPAIRS WERE COMPLETE AND PLANS ARE IN PLACE TO MAKE PERMANENT REPAIRS AND REMOVE THE FAILURE SITE. LINE SEGMENT HAS BEEN TAKEN OUT OF SERVICE UNTIL REPAIRS HAVE BEEN COMPLETED. CPL'S INVESTIGATION IS STILL PENDING AND A SUPPLEMENTAL REPORT WILL FOLLOW UPON COMPLETION OF THE INVESTIGATION. THE SUPPLEMENTAL REPORT WILL INCLUDE THE ROOT CAUSE OF THE ACCIDENT, UPDATES TO COST, IF APPLICABLE AND ASSOCIATED P&M MEASURE(S).    SUPPLEMENTAL REPORT SUBMITTED AUGUST 04, 2023:  CORRECTED INCIDENT DATE FROM 06/06/2023 TO 07/06/2023."
61,8/3/2023,2023,20230065,39113,SUPPLEMENTAL FINAL,15851,"DELEK MARKETING AND SUPPLY, LP",12700 PARK CENTRAL DRIVE SUITE 700,DALLAS,TX,75251,7/4/2023 6:45,CENTRAL,YES,32.454703,-101.30038,CRUDE OIL,,,3.0,,3.0,NO,,,,,,0,NO,,,,,,0,"SCADA-BASED INFORMATION (SUCH AS ALARM(S), ALERT(S), EVENT(S), AND/OR VOLUME OR PACK CALCULATIONS)",,,7/4/2023 6:45,ONSHORE,NO,,,7/4/2023 8:30,,NRC NOTIFICATION NOT REQUIRED,,NO,,,,,,YES,NO,,,0,TX,LUTHER,HOWARD,NO,TOTALLY CONTAINED ON OPERATOR-CONTROLLED PROPERTY,NO,,,,,,,,,,,,,,,,,,,,,OTHER,,,3/8-INCH TUBING,,MATERIAL OTHER THAN CARBON STEEL,STAINLESS STEEL,,REPORTING-REGULATED GATHERING,NO,,,,YES,NO,NO,,,,,,NO,,,,,,,,,10000,210,1200,500,0,0,,11910,0,0,0,0,EQUIPMENT FAILURE,DEFECTIVE OR LOOSE TUBING OR FITTING,NATHANAEL FOLDS,REGULATORY COMPLIANCE COORDINATOR,nathanael.folds@deleklogistics.com,3256685887,,ALONSO RODRIGUEZ,alonso.rodriguez@deleklogistics.com,8063363650,"ON JULY 4, 2023, AT 6:45 A.M., THE OPERATIONS CONTROL CENTER (OCC) RECEIVED A HIGH DISCHARGE ALARM AT THE JASMINE LEASE AUTOMATIC CUSTODY TRANSFER (LACT) SITE. THE OCC IMMEDIATELY SHUT DOWN THE LACT AND DISPATCHED OPERATING PERSONNEL TO INVESTIGATE THE CAUSE OF THE ALARM. OPERATING PERSONNEL ARRIVED ON-SITE AND OBSERVED A RELEASE OF APPROXIMATELY THREE (3) BARRELS OF CRUDE OIL. THE RELEASE ORIGINATED FROM A SHEARED 3/8-INCH TUBING LINE ON THE PILOT ASSEMBLY OF THE BACKPRESSURE CONTROL VALVE. THERE WERE NO INJURIES, AND THE SITE WAS CLEANED UP AND REPAIRED PROMPTLY."
62,8/1/2023,2023,20230064,39126,SUPPLEMENTAL FINAL,15851,"DELEK MARKETING AND SUPPLY, LP",12700 PARK CENTRAL DRIVE SUITE 700,DALLAS,TX,75251,7/3/2023 1:30,CENTRAL,YES,32.3887472,-102.0383417,CRUDE OIL,,,0.5,,0.47,NO,,,,,,0,NO,,,,,,0,NOTIFICATION FROM PUBLIC,,,7/3/2023 1:30,ONSHORE,NO,,,7/3/2023 2:45,,NRC NOTIFICATION NOT REQUIRED,,NO,,,,,,NO,NO,,,0,TX,TARZAN,MARTIN,NO,TOTALLY CONTAINED ON OPERATOR-CONTROLLED PROPERTY,NO,,,,,,,,,,,,,,,,,,,,,OTHER,,,AIR ELIMINATOR,,MATERIAL OTHER THAN CARBON STEEL,STAINLESS STEEL,,REPORTING-REGULATED GATHERING,NO,,,,YES,NO,NO,,,,,,NO,,,,,,,,,0,35,350,180,0,0,,565,0,0,0,0,EQUIPMENT FAILURE,OTHER EQUIPMENT FAILURE,NATHANAEL FOLDS,REGULATORY COMPLIANCE COORDINATOR,nathanael.folds@deleklogistics.com,3256685887,,ALONSO RODRIGUEZ,alonso.rodriguez@deleklogistics.com,8063363650,"ON JULY 3, 2023, AT 1:30 A.M., THE OPERATIONS CONTROL CENTER (OCC) WAS NOTIFIED OF A RELEASE AT THE MARGARET LEASE AUTOMATIC CUSTODY TRANSFER (LACT) SITE. APPROXIMATELY 0.5 BARRELS OF CRUDE OIL WERE RELEASED. THE BALL CHECK ON THE AIR ELIMINATOR FAILED TO SEAL, ALLOWING CRUDE OIL TO FLOW INTO THE ENVIRONMENTAL BOX. THE ENVIRONMENTAL BOX OVERFILLED, LEADING TO THE RELEASE. THERE WERE NO INJURIES, AND THE SITE WAS CLEANED UP AND REPAIRED PROMPTLY."
63,7/28/2023,2023,20230063,39072,SUPPLEMENTAL FINAL,15851,"DELEK MARKETING AND SUPPLY, LP",12700 PARK CENTRAL DRIVE SUITE 700,DALLAS,TX,75251,6/29/2023 9:45,CENTRAL,YES,32.25284,-101.834129,CRUDE OIL,,,0.5,,0.5,NO,,,,,,0,NO,,,,,,0,"LOCAL OPERATING PERSONNEL, INCLUDING CONTRACTORS",,OPERATOR EMPLOYEE,6/29/2023 9:45,ONSHORE,NO,,,6/29/2023 10:49,,NRC NOTIFICATION NOT REQUIRED,,NO,,,,,,YES,NO,,,0,TX,LENORAH,MARTIN,NO,TOTALLY CONTAINED ON OPERATOR-CONTROLLED PROPERTY,NO,,,,,,,,,,,,,,,,,,,,,PIPE,PIPE BODY,,,6.625,CARBON STEEL,,42.0,REPORTING-REGULATED GATHERING,NO,,,,YES,NO,NO,,,,,,NO,,,,,,,,,0,35,18112,500,500,0,,19147,0,0,0,0,MATERIAL FAILURE OF PIPE OR WELD,"DESIGN-, CONSTRUCTION-, INSTALLATION-, OR FABRICATION-RELATED",NATHANAEL FOLDS,REGULATORY COMPLIANCE COORDINATOR,nathanael.folds@deleklogistics.com,3256685887,,ALONSO RODRIGUEZ,alonso.rodriguez@deleklogistics.com,8063363650,"ON JUNE 29, 2023, AT 9:45 A.M., THE OPERATIONS CONTROL CENTER (OCC) WAS NOTIFIED OF A RELEASE AT THE MAVERICK LEASE AUTOMATIC CUSTODY TRANSFER (LACT) SITE. APPROXIMATELY 0.5 BARRELS OF CRUDE OIL WERE RELEASED. THE RELEASE ORIGINATED FROM A CRACKED WELD ON AN O-LET FITTING FOR THE 2-INCH THERMAL BYPASS LOOP. THERE WERE NO INJURIES, AND THE SITE WAS CLEANED UP AND REPAIRED PROMPTLY."
64,7/26/2023,2023,20230062,39064,SUPPLEMENTAL FINAL,31888,CENTURION PIPELINE L.P.,1300 MAIN STREET,HOUSTON,TX,77002,6/27/2023 13:30,CENTRAL,YES,31.27863,-103.3722,CRUDE OIL,,,2.0,,2.0,NO,,,,,,0,NO,,,,,,0,OTHER,THIRD PARTY OPERATOR,,6/27/2023 13:30,ONSHORE,NO,,,6/27/2023 13:30,,NRC NOTIFICATION NOT REQUIRED,,NO,,,,,,NO,NO,,,0,TX,PECOS,REEVES,NO,TOTALLY CONTAINED ON OPERATOR-CONTROLLED PROPERTY,NO,,,,,,,,,,,,,,,,,,,,,PIPE,PIPE BODY,,,6.0,CARBON STEEL,,0.16,REPORTING-REGULATED GATHERING,NO,,,,NO,NO,YES,,,YES,,,NO,,,,,,,,,0,50,1000,1500,5000,0,,7550,0,0,0,0,CORROSION FAILURE,INTERNAL CORROSION,YVAN TY,SENIOR COMPLIANCE SPECIALIST,yvan.ty@energytransfer.com,281-748-8205,,,,,"ON JUNE 27, 2023, A THIRD PARTY OPERATOR INFORMED CENTURION PIPELINE, L.P. (CPL) OF A LEAK. A CPL EMPLOYEE ARRIVED ON-SITE AT 01:30 PM AND CONFIRMED THE LEAK WAS ON CPL'S BARILLA DRAW #1 STATION PIPING LOCATED NEAR PECOS, TEXAS IN REEVES COUNTY, TEXAS AT 01:30 PM. TWO (2) BARRELS OF CRUDE OIL WAS RELEASED AND RECOVERED DURING THE PROCESS. CPL IS REMEDIATING THE CONTAMINATED SOIL ON SITE. NO INJURIES, FATALITIES OR FIRES WERE ASSOCIATED WITH THIS INCIDENT. REPAIRS WERE COMPLETE AND PLANS ARE IN PLACE TO REPLACE THE SEGMENT OF PIPE AND REMOVE THE FAILURE SITE. CPL'S INVESTIGATION IS STILL PENDING AND A SUPPLEMENTAL REPORT WILL FOLLOW UPON COMPLETION OF THE INVESTIGATION. THE SUPPLEMENTAL REPORT WILL INCLUDE THE ROOT CAUSE OF THE ACCIDENT, UPDATES TO COST, IF APPLICABLE, AND ASSOCIATED P&M MEASURE(S).    SUPPLEMENTAL REPORT FILED ON JANUARY 11, 2024.  FOLLOWING COMPLETION OF THE PERMANENT REPAIR AND INVESTIGATION, CPL DETERMINES THAT INTERNAL CORROSION RESULTED IN A THROUGH-WALL PIT AT THE 6 O'CLOCK POSITION. NO FURTHER ACTIONS ARE REQUIRED."
65,7/24/2023,2023,20230060,38824,SUPPLEMENTAL FINAL,15851,"DELEK MARKETING AND SUPPLY, LP",12700 PARK CENTRAL DRIVE SUITE 700,DALLAS,TX,75251,6/24/2023 4:40,CENTRAL,YES,32.4745833,-101.7896222,CRUDE OIL,,,294.0,,294.0,NO,,,,,,0,NO,,,,,,0,NOTIFICATION FROM PUBLIC,,,6/24/2023 4:40,ONSHORE,NO,,,6/24/2023 5:30,,NRC NOTIFICATION NOT REQUIRED,,NO,,,,,,YES,YES,6/24/2023 5:15,6/24/2023 9:20,0,TX,KNOTT,MARTIN,NO,"ORIGINATED ON OPERATOR-CONTROLLED PROPERTY, BUT THEN FLOWED OR MIGRATED OFF THE PROPERTY",NO,,,,,,,,,,,,,,,,,,,,,OTHER,,,"1"" NIPPLE",,CARBON STEEL,,0.01,REPORTING-REGULATED GATHERING,NO,,,,YES,NO,NO,,,,,,NO,,,,,,,,,200000,0,0,500000,0,0,,700000,0,0,0,0,EQUIPMENT FAILURE,THREADED CONNECTION/COUPLING FAILURE,NATHANAEL FOLDS,REGULATORY COMPLIANCE COORDINATOR,nathanael.folds@deleklogistics.com,3256685887,,ALONSO RODRIGUEZ,alonso.rodriguez@deleklogistics.com,8063363650,"THE OPERATIONS CONTROL CENTER (OCC) WAS NOTIFIED OF A RELEASE AT THE LADYBIRD LEASE AUTOMATIC CUSTODY TRANSFER (LACT) SITE. OPERATOR ARRIVED ON-SITE AND OBSERVED APPROXIMATELY 294 BARRELS OF CRUDE OIL WERE RELEASED TO THE GROUND. MECHANICAL CONTACT TO A 1-INCH NIPPLE OCCURRED AND CAUSED THE NIPPLE TO SPLIT CIRCUMFERENTIALLY, LEADING TO THE RELEASE. THE MECHANISM OF CONTACT IS UNKNOWN. THERE WERE NO INJURIES, AND THE SITE WAS CLEANED UP AND REPAIRED PROMPTLY. TO PREVENT REOCCURRENCE, THE ADOPTION OF REASONABLE SECURITY MEASURES IS BEING CONSIDERED."
66,7/18/2023,2023,20230058,38520,SUPPLEMENTAL FINAL,15851,"DELEK MARKETING AND SUPPLY, LP",12700 PARK CENTRAL DRIVE SUITE 700,DALLAS,TX,75251,6/18/2023 17:40,CENTRAL,YES,32.48215,-101.2589528,CRUDE OIL,,,50.0,,50.0,NO,,,,,,0,NO,,,,,,0,NOTIFICATION FROM PUBLIC,,,6/18/2023 17:40,ONSHORE,NO,,,6/18/2023 18:10,,NRC NOTIFICATION NOT REQUIRED,,NO,,,,,,YES,YES,6/18/2023 17:40,6/18/2023 21:45,0,TX,COAHOMA,HOWARD,NO,"ORIGINATED ON OPERATOR-CONTROLLED PROPERTY, BUT THEN FLOWED OR MIGRATED OFF THE PROPERTY",NO,,,,,,,,,,,,,,,,,,,,,OTHER,,,DANIEL BPV NIPPLE,,CARBON STEEL,,0.01,REPORTING-REGULATED GATHERING,NO,,,,YES,NO,NO,,,,,,NO,,,,,,,,,0,3596,125,150000,150000,0,,303721,0,0,0,0,EQUIPMENT FAILURE,MALFUNCTION OF CONTROL/RELIEF EQUIPMENT,NATHANAEL FOLDS,REGULATORY COMPLIANCE COORDINATOR,nathanael.folds@deleklogistics.com,3256685887,,ALONSO RODRIGUEZ,alonso.rodriguez@deleklogistics.com,8063363650,"THE CONTROL CENTER WAS NOTIFIED ABOUT A RELEASE AT THE CARPENTER LACT SITE, AND THE LACT WAS DISABLED. OPERATOR ARRIVED ON-SITE AND OBSERVED APPROXIMATELY 50 BARRELS OF CRUDE OIL WERE RELEASED TO THE GROUND. THE RELEASE ORIGINATED FROM A BROKEN 3/8-INCH NIPPLE CONNECTING THE PILOT ASSEMBLY TO THE VALVE BODY ON THE BACK PRESSURE CONTROL VALVE. THE BACK PRESSURE CONTROL VALVE WAS IN THE FULLY OPEN POSITION AND WAS NOT HOLDING UPSTREAM PRESSURE BETWEEN THE BACK PRESSURE CONTROL VALVE AND THE INJECTION PUMP. THIS RESULTED IN EXCESS VIBRATION DOWNSTREAM OF THE INJECTION PUMP, LEADING TO THE RELEASE AT THE 3/8-INCH NIPPLE. THE EXCESS VIBRATION FATIGUED THE 3/8-INCH NIPPLE RESULTING IN THE RELEASE. TO PREVENT REOCCURRENCE, THE BLADDER ON THE DISCHARGE DAMPENER WILL BE REPLACED AND THE BACK PRESSURE CONTROL VALVE IS BEING EVALUATED TO SEE WHY IT WAS IN THE FULLY OPEN POSITION. ADDITIONALLY, THE PILOT ASSEMBLY WAS REMOVED FROM THE SIDE OF THE BACK PRESSURE CONTROL VALVE. THERE WERE NO INJURIES, AND THE SITE WAS CLEANED UP AND REPAIRED PROMPTLY."
67,7/7/2023,2023,20230057,38253,ORIGINAL,22465,TARGA PIPELINE MID-CONTINENT WESTTEX LLC,"811 LOUISIANA STREET, SUITE 2100",HOUSTON,TX,77002,6/10/2023 13:00,CENTRAL,NO,32.413816,-101.535482,CRUDE OIL,,,50.0,,44.0,NO,,,,,,0,NO,,,,,,0,NOTIFICATION FROM PUBLIC,,,6/10/2023 13:00,ONSHORE,NO,,,6/10/2023 13:15,,NRC NOTIFICATION NOT REQUIRED,,NO,,,,,,NO,NO,,,0,TX,BIG SPRING,HOWARD,NO,PIPELINE RIGHT-OF-WAY,NO,,,,,,,,,,,,,,,,,,,,,OTHER,,,CENTRIFUGAL PUMP,,MATERIAL OTHER THAN CARBON STEEL,STAINLESS STEEL,,REPORTING-REGULATED GATHERING,NO,,,,YES,NO,YES,,,YES,,,NO,,,,,,,,,0,420,1000,1000,13000,0,,15420,0,0,0,0,EQUIPMENT FAILURE,PUMP OR PUMP-RELATED EQUIPMENT,JORDAN NORTH,SPECIALIST PIPELINE COMPLIANCE,jnorth@targaresources.com,9405779500,,JORDAN NORTH,jnorth@targaresources.com,9405779500,"AT APPROXIMATELY 1:00 PM TARGA RECEIVED A CALL AT ITS JANE TERMINAL OF A POSSIBLE CRUDE LEAK AT THE HAMLIN LACT UNIT BY A 3RD PARTY PUMPER. FIELD PERSONNEL WERE DISPATCHED AND ARRIVED ON SITE AT 1:15 PM AND DETERMINED A LEAK COMING FROM THE CHARGE PUMP ON THE LACT UNIT. THE UNIT WAS SHUTDOWN AND MANUAL BLOCK VALVES WERE CLOSED ON THE UPSTREAM AND DOWNSTREAM SIDE OF THE PUMP AND THE LEAK WAS ISOLATED AND AREA MADE SAFE FOR REMEDIATION EFFORTS TO BEGIN AT 1:20 PM. FAILED STAINLESS STEEL BALL BEARINGS ON THE PUMP CAUSED THERMAL EXPANSION OF THE PUMP SEAL WHICH RESULTED IN THE LEAK. THE BEARINGS FAILED DUE TO NORMAL WEAR AND TEAR FROM NORMAL OPERATIONS. TO MITIGATE RECURRENCE ROUTINE PREVENTATIVE MAINTENANCE IS CONDUCTED EVERY 6 MONTHS ON THE PUMPS. ADDITIONALLY, DURING ROUTINE SURVEILLANCE, OPERATIONS WILL PAY SPECIAL ATTENTION TO PUMPS FOR ANY ABNORMAL SOUNDS OR VIBRATIONS THAT MAY INDICATE POSSIBLE BEARING FAILURE. OPERATIONS PERSONNEL WILL ALSO REVIEW MANUFACTURERS IOM MANUAL."