,REPORT_RECEIVED_DATE,IYEAR,REPORT_NUMBER,SUPPLEMENTAL_NUMBER,REPORT_TYPE,OPERATOR_ID,NAME,OPERATOR_STREET_ADDRESS,OPERATOR_CITY_NAME,OPERATOR_STATE_ABBREVIATION,OPERATOR_POSTAL_CODE,LOCAL_DATETIME,TIME_ZONE,DAYLIGHT_SAVINGS_IND,LOCATION_LATITUDE,LOCATION_LONGITUDE,COMMODITY_RELEASED_TYPE,COMMODITY_SUBTYPE,COMMODITY_DETAILS,UNINTENTIONAL_RELEASE_BBLS,INTENTIONAL_RELEASE_BBLS,RECOVERED_BBLS,FATALITY_IND,NUM_EMP_FATALITIES,NUM_CONTR_FATALITIES,NUM_ER_FATALITIES,NUM_WORKER_FATALITIES,NUM_GP_FATALITIES,FATAL,INJURY_IND,NUM_EMP_INJURIES,NUM_CONTR_INJURIES,NUM_ER_INJURIES,NUM_WORKER_INJURIES,NUM_GP_INJURIES,INJURE,ACCIDENT_IDENTIFIER,ACCIDENT_DETAILS,OPERATOR_TYPE,INCIDENT_IDENTIFIED_DATETIME,ON_OFF_SHORE,COMMUNICATION_STATE_FED_IND,PARTY_INITIATED_COMMUNICATION,INITIAL_RESPONDER_COM_DATETIME,ON_SITE_DATETIME,NRC_RPT_DATETIME,NRC_RPT_NUM,ADDITIONAL_NRC_REPORT_NUMBERS,IGNITE_IND,IGNITE_DATETIME,HOW_EXTINGUISHED,HOW_EXTINGUISHED_OTHER_DETAIL,PRODUCT_CONSUMED_BY_FIRE_BBLS,EXPLODE_IND,OIL_SPILL_RESP_PLAN_IND,OSRO_MOBILIZED_IND,OSRO_OPERATOR_NOTIFIED_DT,OSRO_ARRIVED_ON_SITE_DT,NUM_PUB_EVACUATED,ONSHORE_STATE_ABBREVIATION,ONSHORE_CITY_NAME,ONSHORE_COUNTY_NAME,FEDERAL,LOCATION_TYPE,CROSSING,BRIDGE_CROSSING_IND,BRIDGE_TYPE,RAILROAD_CROSSING_IND,RAILROAD_TYPE,ROAD_CROSSING_IND,ROAD_TYPE,WATER_CROSSING_IND,WATER_TYPE,WATER_NAME,WATER_DEPTH,WATER_SUBTYPE,YEAR_RECENT_ENG_EVALUATION,OFF_ACCIDENT_ORIGIN,OFFSHORE_STATE_ABBREVIATION,OFF_INSTATE_AREA,OFF_INSTATE_BLOCK,OFFSHORE_COUNTY_NAME,OCS_TYPE,OFF_OCS_AREA,OFF_OCS_BLOCK,ITEM_INVOLVED,PIPE_TYPE,JOINT_SUBTYPE,ITEM_INVOLVED_DETAILS,PIPE_DIAMETER,MATERIAL_INVOLVED,MATERIAL_DETAILS,PERCENT_PIPE_SMYS,CLASSIFICATION_PIPELINE_SYSTEM,WILDLIFE_IMPACT_IND,FISH_AQUATIC_IMPACT_IND,BIRDS_IMPACT_IND,TERRESTRIAL_IMPACT_IND,SOIL_CONTAMINATION,LONG_TERM_ASSESSMENT,REMEDIATION_IND,SURFACE_WATER_REMED_IND,GROUNDWATER_REMED_IND,SOIL_REMED_IND,VEGETATION_REMED_IND,WILDLIFE_REMED_IND,WATER_CONTAM_IND,OCEAN_SEAWATER_IND,SURFACE_CONTAM_IND,GROUNDWATER_CONTAM_IND,DRINKING_WATER_CONTAM_IND,PRIVATE_WELL_CONTAM_IND,PUBLIC_WATER_CONTAM_IND,AMOUNT_RELEASED_BBLS,REL_WATER_NAME,EST_COST_OPER_PAID,EST_COST_GAS_RELEASED,EST_COST_PROP_DAMAGE,EST_COST_EMERGENCY,EST_COST_ENVIRONMENTAL,EST_COST_OTHER,EST_COST_OTHER_DETAILS,PRPTY,NUM_PERSONS_HOSP_NOT_OVNGHT,NUM_INJURED_TREATED_BY_EMT,NUM_RESIDENT_BUILDING_AFFCTD,NUM_BUSINESS_BUILDING_AFFCTD,CAUSE,CAUSE_DETAILS,PREPARER_NAME,PREPARER_TITLE,PREPARER_EMAIL,PREPARER_TELEPHONE,PREPARER_FAX,LOCAL_CONTACT_NAME,LOCAL_CONTACT_EMAIL,LOCAL_CONTACT_TELEPHONE,NARRATIVE
77,6/5/2023,2023,20230047,38135,ORIGINAL,31878,BRIDGER PIPELINE LLC,455 N. POPLAR ST.,CASPER,WY,82602,5/6/2023 9:06,MOUNTAIN,YES,43.623636,-105.504638,CRUDE OIL,,,150.0,,120.0,NO,,,,,,0,NO,,,,,,0,NOTIFICATION FROM PUBLIC,,,5/6/2023 9:45,ONSHORE,YES,OPERATOR,5/6/2023 13:10,5/6/2023 10:30,,NRC NOTIFICATION NOT REQUIRED,,NO,,,,,,YES,NO,,,0,WY,Not Within a Municipality,CAMPBELL,NO,PIPELINE RIGHT-OF-WAY,NO,,,,,,,,,,,,,,,,,,,,,PIPE,PIPE BODY,,,8.0,CARBON STEEL,,15.44,REPORTING-REGULATED GATHERING,NO,,,,YES,NO,YES,,,YES,,,NO,,,,,,,,,30000,10200,14600,30378,350000,0,,435178,0,0,0,0,CORROSION FAILURE,INTERNAL CORROSION,DOUG THACKER,COMPLIANCE COORDINATOR,doug.thacker@truecos.com,307-266-0320,,,,,"AT APPROXIMATELY 9:06 A.M. ON MAY 06, 2023, A THIRD PARTY CALLED THE BRIDGER PIPELINE LLC CONTROL CENTER TO REPORT A POTENTIAL CRUDE OIL LEAK ON THE BRIDGER PIPELINE LLC BOLT TO HWY 450 8"" GATHERING PIPELINE.  THE CONTROL CENTER OPERATOR PROMPTLY CONTACTED THE WRIGHT AREA SUPERVISOR AND PROVIDED HIM THE LOCATION INFORMATION TO FOLLOW UP ON THE REPORTED LEAK.  THE AREA SUPERVISOR SUBSEQUENTLY RESPONDED TO THE REPORTED LOCATION AND ARRIVED ON SITE AT APPROXIMATELY 9:30 A.M..  WHILE AT THE LEAK SITE THAT WAS INITIALLY REPORTED, THE AREA SUPERVISOR WAS MADE AWARE OF TWO ADDITIONAL POTENTIAL CRUDE OIL LEAKS ON THE SAME 8"" PIPELINE.  SINCE THEIR LOCATION WAS CLOSE, HE SUBSEQUENTLY RESPONDED TO THE OTHER LOCATIONS AND VERIFIED CRUDE OIL LEAKS AT EACH LOCATION.  (PLEASE REFERENCE 05/06/2023 PHMSA F7000-2 REPORTS FOR BRIDGER PIPELINE LLC LEAKS LOCATED AT GPS LOCATIONS 43.624936,-105.494388 AND 43.622928,-105.511763.)   AFTER VERIFYING ALL 3 LEAKS, THE AREA SUPERVISOR CONTACTED OPERATIONS MANAGEMENT AND INFORMED THEM ABOUT THE LEAKS.    SHORTLY AFTER DISCOVERING THE LEAKS, THE COMPANY PIPELINE MAINTENANCE CREW AND ADDITIONAL CONTRACTOR RESOURCES WERE MOBILIZED AND BEGAN ARRIVING TO THE 3 LEAK LOCATIONS AT APPROXIMATELY 10:30 A.M..  THEY PROMPTLY BEGAN WORK ON CONTAINING ALL FREE LIQUIDS.  ONCE THE LEAK WAS CONTAINED, THE PIPELINE WAS EXCAVATED AND EXPOSED.  AFTER THE LINE WAS EXPOSED, A VISUAL EXAMINATION REVEALED A SMALL LEAK ON THE BOTTOM OF THE PIPE.  A LEAK CLAMP WAS SUBSEQUENTLY INSTALLED TO STOP THE LEAK AND COMPANY PERSONNEL AND ADDITIONAL CONTRACTOR RESOURCES BEGAN CLEANUP OPERATIONS AT THE LOCATION.    AFTER THE IMMEDIATE LEAK LOCATION WAS CLEANED UP, THE SECTION OF PIPE WITH THE LEAK WAS CUTOUT AND REPLACED.  THE REMOVED SECTION OF PIPE WAS CUT OPEN AND FIELD EMPLOYEES VERIFIED THE LEAK WAS DUE TO INTERNAL CORROSION.  THE LINE SEGMENT IS STILL OUT OF SERVICE AT THIS TIME AND SCHEDULED TO BE INSPECTED WITH AN INLINE INSPECTION TOOL.  IF ANY ADDITIONAL REPAIRS ARE NEEDED AS A RESULT OF THE INLINE INSPECTION, THEY WILL BE COMPLETED BEFORE THE LINE SEGMENT IS PLACED BACK INTO SERVICE.    THE LEAK DID NOT IMPACT ANY SURFACE WATER, GROUND WATER OR WILDLIFE; HOWEVER, AN APPROXIMATE 600 FT. LONG BY 100 FT. WIDE AREA OF SOIL WAS CONTAMINATED.  ALL CONTAMINATED SOILS ARE BEING EXCAVATED AND MANAGED IN ACCORDANCE WITH WYOMING DEPARTMENT OF ENVIRONMENTAL QUALITY REQUIREMENTS.    THE LEAK DID MEET WYOMING DEQ SPILL REPORTING REQUIREMENTS, SO THEY WERE NOTIFIED AND AN ONLINE WYOMING DEQ SPILL REPORT WAS SUBSEQUENTLY COMPLETED.  BECAUSE THE LEAK DID NOT REACH OR IMPACT ANY WATER SOURCES NO NRC NOTIFICATION WAS MADE."
78,6/5/2023,2023,20230048,38136,ORIGINAL,31878,BRIDGER PIPELINE LLC,455 N. POPLAR ST.,CASPER,WY,82602,5/6/2023 9:06,MOUNTAIN,YES,43.622928,-105.511763,CRUDE OIL,,,150.0,,120.0,NO,,,,,,0,NO,,,,,,0,NOTIFICATION FROM PUBLIC,,,5/6/2023 9:45,ONSHORE,YES,OPERATOR,5/6/2023 13:10,5/6/2023 10:30,,NRC NOTIFICATION NOT REQUIRED,,NO,,,,,,YES,NO,,,0,WY,Not Within a Municipality,CAMPBELL,NO,PIPELINE RIGHT-OF-WAY,NO,,,,,,,,,,,,,,,,,,,,,PIPE,PIPE BODY,,,8.0,CARBON STEEL,,15.44,REPORTING-REGULATED GATHERING,NO,,,,YES,NO,YES,,,YES,,,NO,,,,,,,,,30000,10200,14600,30378,275000,0,,360178,0,0,0,0,CORROSION FAILURE,INTERNAL CORROSION,DOUG THACKER,COMPLIANCE COORDINATOR,doug.thacker@truecos.com,307-266-0320,,,,,"AT APPROXIMATELY 9:06 A.M. ON MAY 06, 2023, A THIRD PARTY CALLED THE BRIDGER PIPELINE LLC CONTROL CENTER TO REPORT A POTENTIAL CRUDE OIL LEAK ON THE BRIDGER PIPELINE LLC BOLT TO HWY 450 8"" GATHERING PIPELINE.  THE CONTROL CENTER OPERATOR PROMPTLY CONTACTED THE WRIGHT AREA SUPERVISOR AND PROVIDED HIM THE LOCATION INFORMATION TO FOLLOW UP ON THE REPORTED LEAK.  THE AREA SUPERVISOR SUBSEQUENTLY RESPONDED TO THE REPORTED LOCATION AND ARRIVED ON SITE AT APPROXIMATELY 9:30 A.M..  WHILE AT THE LEAK SITE THAT WAS INITIALLY REPORTED, THE AREA SUPERVISOR WAS MADE AWARE OF TWO ADDITIONAL POTENTIAL CRUDE OIL LEAKS ON THE SAME 8"" PIPELINE.  SINCE THEIR LOCATION WAS CLOSE, HE SUBSEQUENTLY RESPONDED TO THE OTHER LOCATIONS AND VERIFIED CRUDE OIL LEAKS AT EACH LOCATION.  (PLEASE REFERENCE 05/06/2023 PHMSA F7000-2 REPORTS FOR BRIDGER PIPELINE LLC LEAKS LOCATED AT GPS LOCATIONS 43.624936,-105.494388 AND 43.623636,-105.504638.)   AFTER VERIFYING ALL 3 LEAKS, THE AREA SUPERVISOR CONTACTED OPERATIONS MANAGEMENT AND INFORMED THEM ABOUT THE LEAKS.    SHORTLY AFTER DISCOVERING THE LEAKS, THE COMPANY PIPELINE MAINTENANCE CREW AND ADDITIONAL CONTRACTOR RESOURCES WERE MOBILIZED AND BEGAN ARRIVING TO THE 3 LEAK LOCATIONS AT APPROXIMATELY 10:30 A.M..  THEY PROMPTLY BEGAN WORK ON CONTAINING ALL FREE LIQUIDS.  ONCE THE LEAK WAS CONTAINED, THE PIPELINE WAS EXCAVATED AND EXPOSED.  AFTER THE LINE WAS EXPOSED, A VISUAL EXAMINATION REVEALED A SMALL LEAK ON THE BOTTOM OF THE PIPE.  A LEAK CLAMP WAS SUBSEQUENTLY INSTALLED TO STOP THE LEAK AND COMPANY PERSONNEL AND ADDITIONAL CONTRACTOR RESOURCES BEGAN CLEANUP OPERATIONS AT THE LOCATION.    AFTER THE IMMEDIATE LEAK LOCATION WAS CLEANED UP, THE SECTION OF PIPE WITH THE LEAK WAS CUTOUT AND REPLACED.  THE REMOVED SECTION OF PIPE WAS CUT OPEN AND FIELD EMPLOYEES VERIFIED THE LEAK WAS DUE TO INTERNAL CORROSION.  THE LINE SEGMENT IS STILL OUT OF SERVICE AT THIS TIME AND SCHEDULED TO BE INSPECTED WITH AN INLINE INSPECTION TOOL.  IF ANY ADDITIONAL REPAIRS ARE NEEDED AS A RESULT OF THE INLINE INSPECTION, THEY WILL BE COMPLETED BEFORE THE LINE SEGMENT IS PLACED BACK INTO SERVICE.    THE LEAK DID NOT IMPACT ANY SURFACE WATER, GROUND WATER OR WILDLIFE; HOWEVER, AN APPROXIMATE 400 FT. LONG BY 100 FT. WIDE AREA OF SOIL WAS CONTAMINATED.  ALL CONTAMINATED SOILS ARE BEING EXCAVATED AND MANAGED IN ACCORDANCE WITH WYOMING DEPARTMENT OF ENVIRONMENTAL QUALITY REQUIREMENTS.    THE LEAK DID MEET WYOMING DEQ SPILL REPORTING REQUIREMENTS, SO THEY WERE NOTIFIED AND AN ONLINE WYOMING DEQ SPILL REPORT WAS SUBSEQUENTLY COMPLETED.  BECAUSE THE LEAK DID NOT REACH OR IMPACT ANY WATER SOURCES NO NRC NOTIFICATION WAS MADE."
79,6/2/2023,2023,20230045,38121,ORIGINAL FINAL,32099,ENERGY TRANSFER COMPANY,1300 MAIN STREET,HOUSTON,TX,77002,5/3/2023 8:36,CENTRAL,YES,31.668823,-103.18055,CRUDE OIL,,,46.0,,46.0,NO,,,,,,0,NO,,,,,,0,OTHER,THIRD PARTY PRODUCER,,5/3/2023 8:36,ONSHORE,NO,,,5/3/2023 9:00,5/3/2023 9:42,1366259,1366420,NO,,,,,,YES,NO,,,0,TX,WINK,WINKLER,NO,"ORIGINATED ON OPERATOR-CONTROLLED PROPERTY, BUT THEN FLOWED OR MIGRATED OFF THE PROPERTY",NO,,,,,,,,,,,,,,,,,,,,,OTHER,,,VALVE & GASKET,,CARBON STEEL,,14.0,REPORTING-REGULATED GATHERING,NO,,,,YES,NO,YES,,,YES,,,NO,,,,,,,,,0,375,7000,1800,48000,0,,57175,0,0,0,0,CORROSION FAILURE,INTERNAL CORROSION,TODD NARDOZZI,,todd.nardozzi@energytransfer.com,713-989-7126,,,,,"ON 5/3/2023 AT APPROXIMATELY 8:36, THE CONTROL CENTER RECEIVED A CALL FROM A THIRD PARTY ABOUT A POTENTIAL LEAK AT TARGA BROOK. THE CONTROLLER SHUT DOWN, CLOSED ALL REMOTE VALVES, AND MADE ALL PROPER NOTIFICATIONS. ONCE ONSITE, A PIPELINE TECH CONFIRMED THE LEAK AND ISOLATED VALVES LOCALLY.    APPROXIMATELY 46 BARRELS OF CRUDE OIL WAS RELEASED. ALL FREE PRODUCT WAS RECOVERED AND CONTAMINATED SOIL REMOVED.    THE CAUSE OF THE SPILL WAS DETERMINED TO BE INTERNAL CORROSION ON VALVE AND GASKET.    THE FAILED VALVE WAS REMOVED AND A BLIND FLANGE WAS INSTALLED.  THE LINE WAS RESTARTED.    TO PREVENT REOCCURRENCES, OPERATIONS WILL CONDUCT OUT OF SERVICE MAINTENANCE ON ALL PIPES THAT ARE OUT OF SERVICE FOR AT LEAST 3 MONTHS.  MAINTENANCE MAY INCLUDE PURGING OF PRODUCT AND CORROSION INHIBITOR TREATMENT."
80,5/16/2023,2023,20230044,38319,SUPPLEMENTAL FINAL,39476,"BRAZOS MIDSTREAM OPERATING, LLC","777 MAIN ST., SUITE 3700",FORT WORTH,TX,76102,4/21/2023 19:00,CENTRAL,YES,31.193438,-102.958935,CRUDE OIL,,,335.0,,140.0,NO,,,,,,0,NO,,,,,,0,GROUND PATROL BY OPERATOR OR ITS CONTRACTOR,,OPERATOR EMPLOYEE,4/21/2023 19:00,ONSHORE,YES,OPERATOR,4/22/2023 9:30,4/21/2023 21:30,,NRC NOTIFICATION NOT REQUIRED,,NO,,,,,,YES,YES,4/21/2023 21:30,4/22/2023 12:00,0,TX,CAYANOSA,PECOS,NO,PIPELINE RIGHT-OF-WAY,NO,,,,,,,,,,,,,,,,,,,,,PIPE,PIPE BODY,,,6.0,CARBON STEEL,,33.34,REPORTING-REGULATED GATHERING,NO,,,,YES,YES,NO,,,,,,NO,,,,,,,,,0,26484,20000,15000,162600,0,,224084,0,0,0,0,CORROSION FAILURE,INTERNAL CORROSION,JEFF DAVIDSON,,jeff.davidson@pplcompliance.com,,,,,,4/21/23  THE GATHERING SYSTEM THIS PIPELINE TIES INTO WAS DOWN FOR MAINTENANCE. THE PIPELINE WAS RETURNED TO SERVICE AND A ROUTINE PATROL CONDUCTED BY OPERATOR PERSONNEL DISCOVERED OIL ON THE ROW.  THE PIPELINE WAS IMMEDIATELY TAKEN BACK OUT OF SERVICE AND ISOLATED.  A VACUM TRUCK WAS CALLED AND ALL CRUDE OIL WAS VACUMED FROM ROW.  THE LOCAL EMERGENCY CONTRACTOR WAS CALLED AND SOIL CONTAINMENT WAS PUT IN PLACE TO CONTAIN ANY OIL NOT RECOVERED.  4/22-26/23   APPROXIMATELY 375 YARDS OF CONTAMINATED SOIL WAS REMOVED.  SAMPLES TAKEN AT BOTTOM OF EXCAVATION INDICATE NO REMAINING CONTAMINATION.   4/24/23  THE PIPELINE WAS REPAIRED BY REPLACING THE DAMAGED SECTION OF THE PIPELINE.  FOLLOWING THE COMPLETION OF REPAIRS ALL EXCAVATIONS WERE BACKFILLED WITH CLEAN SOIL.  NO LONG TERM REMEDIATION IS ANTICIPATED.  5/20/23  ADDITIONAL INVESTIGATION DETERMINED A CHEMICAL PUMP WAS LEFT RUNNING THAT PRESSURED UP THE PIPELINE TO 984# WHILE THE PIPELINE WAS ISOLATED ON EACH END.  THE PIPELINE WAS ISOLATED TO ALLOW A SONIC SURVEY OF THE GATHERING PIPELINE TO WHICH IT WAS ATTACHED.  AN ADDITIONAL RELIEF VALVE HAS BEEN INSTALLED AND SET AT 420# ON THE CHEMICAL PUMP.  THE CHEMICAL PUMP WAS USED TO INJECT CHEMICALS TO REDUCE PARAFFIN BUILDUP IN THE PIPELINE. SHUTDOWN PROCEDURES HAVE BEEN AMENDED TO INCLUDE VERIFICATION ALL PUMPS HAVE BEEN SHUTDOWN WHEN PIPELINE IS ISOLATED.
81,5/12/2023,2023,20230041,38038,ORIGINAL FINAL,32619,"HILAND CRUDE, LLC","1001 LOUISIANA ST, SUITE 1000",HOUSTON,TX,77002,4/14/2023 17:55,CENTRAL,YES,48.06123,-103.394459,CRUDE OIL,,,3.7,,3.7,NO,,,,,,0,NO,,,,,,0,OTHER,NOTIFICATION FROM CUSTOMER,,4/14/2023 18:55,ONSHORE,NO,,,4/14/2023 18:55,,NRC NOTIFICATION NOT REQUIRED,,NO,,,,,,NO,NO,,,0,ND,WILLISTON,WILLIAMS,NO,TOTALLY CONTAINED ON OPERATOR-CONTROLLED PROPERTY,NO,,,,,,,,,,,,,,,,,,,,,OTHER,,,PUMP SEAL,,MATERIAL OTHER THAN CARBON STEEL,STAINLESS STEEL,,REPORTING-REGULATED GATHERING,NO,,,,NO,NO,NO,,,,,,NO,,,,,,,,,0,0,4100,5300,0,0,,9400,0,0,0,0,EQUIPMENT FAILURE,PUMP OR PUMP-RELATED EQUIPMENT,SHELLEY DIETZ,MANAGER - ENGINEERING,shelley_dietz@kindermorgan.com,,,,,,"ON APRIL 14, 2023 AT 17:55, HILAND CRUDE LLC (HILAND) RECEIVED A CALL FROM CONTINENTAL RESOURCES NOTIFYING HILAND OF A RELEASE AT THE HILAND PUMP ON THE CLR RECKITT RALPH WELL PAD. AT 18:55, A HILAND OPERATIONS SPECIALIST ARRIVED ON SITE AND ISOLATED THE PUMP TO STOP THE RELEASE. THE RELEASE TOTALED 3.7 BARRELS OF CRUDE OIL THAT WAS COMPLETELY CONTAINED IN LINED CONTAINMENT. THE CLEAN UP OF THE EVENT WAS COMPLETED ON APRIL 14, 2023.    THE INVESTIGATION INTO THE EVENT REVEALED THAT THE RELEASE WAS CAUSED BY A MECHANICAL SEAL FAILURE ON HILAND'S PUMP AT THE LEASE LOCATION. IN ORDER TO PREVENT A REOCCURRENCE, THE PUMP SEAL WAS REPLACED."
82,5/16/2023,2023,20230043,38105,SUPPLEMENTAL FINAL,31888,CENTURION PIPELINE L.P.,1300 MAIN STREET,HOUSTON,TX,77002,4/13/2023 10:30,CENTRAL,YES,32.221407,-102.582366,CRUDE OIL,,,1.0,,1.0,NO,,,,,,0,NO,,,,,,0,"LOCAL OPERATING PERSONNEL, INCLUDING CONTRACTORS",,OPERATOR EMPLOYEE,4/13/2023 10:30,ONSHORE,NO,,,4/13/2023 10:30,,NRC NOTIFICATION NOT REQUIRED,,NO,,,,,,NO,NO,,,0,TX,Not Within a Municipality,ANDREWS,NO,TOTALLY CONTAINED ON OPERATOR-CONTROLLED PROPERTY,NO,,,,,,,,,,,,,,,,,,,,,OTHER,,,DJ LAUNCHER NEEDLE VENT VALVE,,CARBON STEEL,,2.4,REPORTING-REGULATED GATHERING,NO,,,,YES,NO,YES,,,YES,,,NO,,,,,,,,,0,50,450,1000,0,0,,1500,0,0,0,0,INCORRECT OPERATION,"VALVE LEFT OR PLACED IN WRONG POSITION, BUT NOT RESULTING IN A TANK, VESSEL, OR SUMP/SEPARATOR OVERFLOW OR FACILITY OVERPRESSURE",Y-VAN TY,PIPELINE COMPLIANCE PROGRAM ADVISOR,yvan_ty@centurionpl.com,346-803-2718,,,,,"ON APRIL 13, 2023, A CENTURION PIPELINE, L.P. (CPL) EMPLOYEE ARRIVED ON-SITE AT 10:30AM AND CONFIRMED THE LEAK WAS ON CPL'S DJ LAUNCHER LOCATED NEAR ANDREWS, IN ANDREWS COUNTY, TEXAS. THE LEAK WAS LOCATED ON THE 4'' DJ LAUNCHER. ONE (1) BARREL OF CRUDE OIL WAS RELEASED AND RECOVERED DURING THE PROCESS. CPL REMEDIATED THE CONTAMINATED SOIL ON SITE. NO INJURIES, FATALITIES OR FIRES WERE ASSOCIATED WITH THIS INCIDENT. CPL'S INVESTIGATION STILL ONGOING AND WILL BE UPDATED IN A SUPPLEMENTAL REPORT.    SUPPLEMENTAL REPORT FILED ON MAY 30, 2023:  CPL DETERMINED THAT INCORRECT OPERATIONS CAUSED THE LEAK AND HAS BEEN UPDATED IN THIS SUPPLEMENTAL FINAL REPORT. AFTER THE PIG WAS LAUNCHED ON APRIL 12, THE NEEDLE VENT VALVE ON THE PIG TRAP WAS NOT RETURNED TO THE CLOSED POSITION, RESULTING IN THE 1 BBL LEAK. AFTER THE INVESTIGATION, THE EMPLOYEE INVOLVED WAS TERMINATED AND NO FURTHER ACTIONS ARE REQUIRED."
83,5/12/2023,2023,20230042,38902,SUPPLEMENTAL FINAL,300,"PLAINS PIPELINE, L.P.","333 CLAY STREET, SUITE 1900",HOUSTON,TX,77002,4/12/2023 19:00,CENTRAL,YES,28.23747,-99.81736,CRUDE OIL,,,40.0,,21.6,NO,,,,,,0,NO,,,,,,0,"LOCAL OPERATING PERSONNEL, INCLUDING CONTRACTORS",,OPERATOR EMPLOYEE,4/13/2023 11:34,ONSHORE,YES,OPERATOR,4/13/2023 15:35,4/13/2023 11:34,,NRC NOTIFICATION NOT REQUIRED,,NO,,,,,,NO,NO,,,0,TX,Not Within a Municipality,DIMMIT,NO,PIPELINE RIGHT-OF-WAY,NO,,,,,,,,,,,,,,,,,,,,,PIPE,PIPE BODY,,,4.0,CARBON STEEL,,0.72,REPORTING-REGULATED GATHERING,NO,,,,YES,NO,NO,,,,,,NO,,,,,,,,,3000,3314,13400,11200,0,0,,30914,0,0,0,0,CORROSION FAILURE,EXTERNAL CORROSION,NICOLAS GONZALEZ,SUPERVISOR HSE-REGULATORY COMPLIANCE,nagonzalez@paalp.com,7136464376,,NICOLAS GONZALEZ,nagonzalez@paalp.com,7136464376,"APPROXIMATELY 40 BARRELS OF CRUDE OIL WERE RELEASED FROM THE SM BRISCOE CATARINA 4INCH PIPELINE.  THE DATE AND TIME OF THE RELEASE (PART A Q4) IS INDICATIVE OF THE EARLIEST POSSIBLE TIME THE RELEASE COULD HAVE STARTED BASED ON PUMP DATA.  THE CAUSE OF THE RELEASE IS ATTRIBUTED TO EXTERNAL CORROSION, AND TO PREVENT FUTURE RELEASES, THE LINE WAS CUT-OUT AND REPLACED. ADDITIONALLY, A DIRECT CURRENT VOLTAGE GRADIENT (DCVG) SURVEY WAS PERFORMED TO EVALUATE THE EFFECTIVENESS OF THE CATHODIC PROTECTION PROGRAM.      SUPPLEMENTAL: UPDATES APPLIED TO THE VOLUME RECOVERED AND THE DATE/TIME OF NOTIFICATION TO THE TEXAS RAILROAD COMMISSION."
84,4/25/2023,2023,20230039,38144,SUPPLEMENTAL FINAL,40149,MPLX LP,1515 ARAPAHOE STREET SUITE 1600,DENVER,CO,80202,4/11/2023 7:30,MOUNTAIN,NO,47.47516,-102.70314,CRUDE OIL,,,1.0,,1.0,NO,,,,,,0,NO,,,,,,0,"LOCAL OPERATING PERSONNEL, INCLUDING CONTRACTORS",,CONTRACTOR WORKING FOR THE OPERATOR,4/11/2023 7:30,ONSHORE,NO,,,4/11/2023 7:40,,NRC NOTIFICATION NOT REQUIRED,,NO,,,,,,NO,NO,,,0,ND,Not Within a Municipality,DUNN,NO,TOTALLY CONTAINED ON OPERATOR-CONTROLLED PROPERTY,NO,,,,,,,,,,,,,,,,,,,,,OTHER,,,VALVE,,CARBON STEEL,,10.0,REPORTING-REGULATED GATHERING,NO,,,,YES,NO,NO,,,,,,NO,,,,,,,,,0,0,1200,5000,0,0,,6200,0,0,0,0,NATURAL FORCE DAMAGE,TEMPERATURE,KEITH NORRIS,PIPELINE COMPLIANCE,wknorris@mplx.com,5053600834,,TONY MINUTILLO,tminutillo@mplx.com,(303) 489-3275,"ON 4-11-23 AT 7:30 AM, A CONTRACTOR ON SITE CONTACTED MPLX SUPERVISOR ABOUT A RELEASE OF APPROXIMATELY 1 BARREL OF CRUDE OIL FROM A VALVE BODY FAILURE ON A FUTURE VALVE CONNECTION AT THE 4TH ST NW CENTER 8"" LOOP LINE LAUNCHER VALVE SET.  MPLX OPERATOR RESPONDED TO THE INCIDENT, WHERE HE ISOLATED THE LEAKING VALVE.     THE CLEANUP WAS COMPLETED ON 4-11-23. THE CAUSE OF THE FAILURE WAS WATER THAT PENETRATED THE VALVE AND FROZE, CREATING A CRACK IN THE VALVE BODY."