,REPORT_RECEIVED_DATE,IYEAR,REPORT_NUMBER,SUPPLEMENTAL_NUMBER,REPORT_TYPE,OPERATOR_ID,NAME,OPERATOR_STREET_ADDRESS,OPERATOR_CITY_NAME,OPERATOR_STATE_ABBREVIATION,OPERATOR_POSTAL_CODE,LOCAL_DATETIME,TIME_ZONE,DAYLIGHT_SAVINGS_IND,LOCATION_LATITUDE,LOCATION_LONGITUDE,COMMODITY_RELEASED_TYPE,COMMODITY_SUBTYPE,COMMODITY_DETAILS,UNINTENTIONAL_RELEASE_BBLS,INTENTIONAL_RELEASE_BBLS,RECOVERED_BBLS,FATALITY_IND,NUM_EMP_FATALITIES,NUM_CONTR_FATALITIES,NUM_ER_FATALITIES,NUM_WORKER_FATALITIES,NUM_GP_FATALITIES,FATAL,INJURY_IND,NUM_EMP_INJURIES,NUM_CONTR_INJURIES,NUM_ER_INJURIES,NUM_WORKER_INJURIES,NUM_GP_INJURIES,INJURE,ACCIDENT_IDENTIFIER,ACCIDENT_DETAILS,OPERATOR_TYPE,INCIDENT_IDENTIFIED_DATETIME,ON_OFF_SHORE,COMMUNICATION_STATE_FED_IND,PARTY_INITIATED_COMMUNICATION,INITIAL_RESPONDER_COM_DATETIME,ON_SITE_DATETIME,NRC_RPT_DATETIME,NRC_RPT_NUM,ADDITIONAL_NRC_REPORT_NUMBERS,IGNITE_IND,IGNITE_DATETIME,HOW_EXTINGUISHED,HOW_EXTINGUISHED_OTHER_DETAIL,PRODUCT_CONSUMED_BY_FIRE_BBLS,EXPLODE_IND,OIL_SPILL_RESP_PLAN_IND,OSRO_MOBILIZED_IND,OSRO_OPERATOR_NOTIFIED_DT,OSRO_ARRIVED_ON_SITE_DT,NUM_PUB_EVACUATED,ONSHORE_STATE_ABBREVIATION,ONSHORE_CITY_NAME,ONSHORE_COUNTY_NAME,FEDERAL,LOCATION_TYPE,CROSSING,BRIDGE_CROSSING_IND,BRIDGE_TYPE,RAILROAD_CROSSING_IND,RAILROAD_TYPE,ROAD_CROSSING_IND,ROAD_TYPE,WATER_CROSSING_IND,WATER_TYPE,WATER_NAME,WATER_DEPTH,WATER_SUBTYPE,YEAR_RECENT_ENG_EVALUATION,OFF_ACCIDENT_ORIGIN,OFFSHORE_STATE_ABBREVIATION,OFF_INSTATE_AREA,OFF_INSTATE_BLOCK,OFFSHORE_COUNTY_NAME,OCS_TYPE,OFF_OCS_AREA,OFF_OCS_BLOCK,ITEM_INVOLVED,PIPE_TYPE,JOINT_SUBTYPE,ITEM_INVOLVED_DETAILS,PIPE_DIAMETER,MATERIAL_INVOLVED,MATERIAL_DETAILS,PERCENT_PIPE_SMYS,CLASSIFICATION_PIPELINE_SYSTEM,WILDLIFE_IMPACT_IND,FISH_AQUATIC_IMPACT_IND,BIRDS_IMPACT_IND,TERRESTRIAL_IMPACT_IND,SOIL_CONTAMINATION,LONG_TERM_ASSESSMENT,REMEDIATION_IND,SURFACE_WATER_REMED_IND,GROUNDWATER_REMED_IND,SOIL_REMED_IND,VEGETATION_REMED_IND,WILDLIFE_REMED_IND,WATER_CONTAM_IND,OCEAN_SEAWATER_IND,SURFACE_CONTAM_IND,GROUNDWATER_CONTAM_IND,DRINKING_WATER_CONTAM_IND,PRIVATE_WELL_CONTAM_IND,PUBLIC_WATER_CONTAM_IND,AMOUNT_RELEASED_BBLS,REL_WATER_NAME,EST_COST_OPER_PAID,EST_COST_GAS_RELEASED,EST_COST_PROP_DAMAGE,EST_COST_EMERGENCY,EST_COST_ENVIRONMENTAL,EST_COST_OTHER,EST_COST_OTHER_DETAILS,PRPTY,NUM_PERSONS_HOSP_NOT_OVNGHT,NUM_INJURED_TREATED_BY_EMT,NUM_RESIDENT_BUILDING_AFFCTD,NUM_BUSINESS_BUILDING_AFFCTD,CAUSE,CAUSE_DETAILS,PREPARER_NAME,PREPARER_TITLE,PREPARER_EMAIL,PREPARER_TELEPHONE,PREPARER_FAX,LOCAL_CONTACT_NAME,LOCAL_CONTACT_EMAIL,LOCAL_CONTACT_TELEPHONE,NARRATIVE
85,4/21/2023,2023,20230037,38024,SUPPLEMENTAL FINAL,31878,BRIDGER PIPELINE LLC,455 N. POPLAR ST.,CASPER,WY,82602,3/23/2023 11:00,MOUNTAIN,YES,47.730585,-102.956097,CRUDE OIL,,,15.0,,15.0,NO,,,,,,0,NO,,,,,,0,"SCADA-BASED INFORMATION (SUCH AS ALARM(S), ALERT(S), EVENT(S), AND/OR VOLUME OR PACK CALCULATIONS)",,,3/23/2023 11:00,ONSHORE,NO,,,3/23/2023 11:30,,NRC NOTIFICATION NOT REQUIRED,,NO,,,,,,YES,NO,,,0,ND,Not Within a Municipality,MCKENZIE COUNTY,NO,TOTALLY CONTAINED ON OPERATOR-CONTROLLED PROPERTY,NO,,,,,,,,,,,,,,,,,,,,,OTHER,,,"1"" CHECK VALVE, (2) 1"" BALL VALVE",,MATERIAL OTHER THAN CARBON STEEL,VALVE,,REPORTING-REGULATED GATHERING,NO,,,,YES,NO,NO,,,,,,NO,,,,,,,,,0,1200,2000,10306,0,0,,13506,0,0,0,0,INCORRECT OPERATION,"TANK, VESSEL, OR SUMP/SEPARATOR ALLOWED OR CAUSED TO OVERFILL OR OVERFLOW",KEVIN PENA,PIPELINE COMPLIANCE COORDINATOR,kevin.pena@truecos.com,4069393133,,,,,"AT APPROXIMATELY 11:00 AM MST ON 3/23/23, AN OPERATOR EMPLOYEE RECEIVED A CALL FROM BRIDGER CONTROL CENTER THAT THERE WAS A HIGH SUMP ALARM AT THE MERTON JEROME 14 CTB.  AT APPROXIMATELY 11:05 AM MST A SECOND EMPLOYEE RECEIVED A CALL FROM THE SITE OPERATOR THAT THERE WAS OIL IN THE BRIDGER PUMP CONTAINMENT.  THE SECOND EMPLOYEE ARRIVED AT APPROXIMATELY 11:30 AM MST AND VERIFIED APPROXIMATELY 15 BBL OF OIL IN THE CONTAINMENT AND A ONE INCH MANUALLY OPERATED BALL VALVE FROM THE SUCTION LINE TO THE PUMP SUMP IN THE OPEN POSITION.  THIS EMPLOYEE THEN CLOSED THE VALVE  .  AT APPROXIMATELY 12:00 PM MST, SUPERVISOR ARRIVED ON SITE.  MAIN LINE PUMP HAD BEEN DISABLED ON A HI SUMP ALARM BY THE SUMP FLOAT.  FURTHER INVESTIGATION REVEALED A SECOND 1"" MANUALLY OPERATED BALL VALVE LEADING FROM SUCTION LINE TO THE PUMP SUMP WAS IN THE OPEN POSITION. NOTIFICATION WAS SENT TO SPILLS GROUP \ VIA E-MAIL.  CLEAN UP OF FREE STANDING OIL COMMENCED USING EXISTING LINE PUMP.  FREE STANDING OIL PICK UP WAS CONCLUDED AT APPROXIMATELY 5:00 PM MST.  THE ONE INCH CHECK VALVE POSITIONED BETWEEN THE SAID BALL VALVES WAS REMOVED AND EXAMINED. IT WAS DETERMINED THAT THE CHECK VALVE HAD ALSO FAILED.  CHECK VALVE WAS REPAIRED WITH A NEW O-RING SEAT AND RE-INSTALLED.  BOTH 1"" VALVES WERE VERIFIED CLOSED AND PUMP DEEMED TO BE USABLE AND PUT BACK IN SERVICE. CLEANUP WAS HALTED FOR THE DAY.  A HYDROVAC TRUCK AND A HOT OIL TRUCK WERE CONTRACTED TO STEAM AND REMOVE RESIDUAL OIL.  CLEAN UP WAS DETERMINED COMPLETE 48 HOURS LATER, FOLLOWING THE REMOVAL AND DISPOSAL OF CONTAMINATED SOILS AT A LICENSED FACILITY."
86,4/17/2023,2023,20230035,37946,ORIGINAL FINAL,32619,"HILAND CRUDE, LLC","1001 LOUISIANA ST, SUITE 1000",HOUSTON,TX,77002,3/21/2023 10:24,CENTRAL,YES,48.40092,-103.33157,CRUDE OIL,,,0.19,,0.19,NO,,,,,,0,NO,,,,,,0,OTHER,NOTIFICATION FROM 3RD PARTY PRODUCER,,3/21/2023 10:24,ONSHORE,NO,,,3/21/2023 10:45,,NRC NOTIFICATION NOT REQUIRED,,NO,,,,,,NO,NO,,,0,ND,RAY,WILLIAMS,NO,TOTALLY CONTAINED ON OPERATOR-CONTROLLED PROPERTY,NO,,,,,,,,,,,,,,,,,,,,,OTHER,,,"1/2"" NIPPLE",,MATERIAL OTHER THAN CARBON STEEL,STEEL NIPPLE,,REPORTING-REGULATED GATHERING,NO,,,,NO,NO,NO,,,,,,NO,,,,,,,,,0,13,700,1400,0,0,,2113,0,0,0,0,EQUIPMENT FAILURE,THREADED CONNECTION/COUPLING FAILURE,DANIEL GRANT,PIPELINE ENGINEER II,daniel_grant@kindermorgan.com,7134204409,,,,,"HILAND CRUDE, LLC (HC) WAS NOTIFIED ON 3/21/2023 AT 10:24AM BY A THIRD-PARTY PRODUCER OF A LEAK ON THE WASHBURN CTB. THE PRODUCER AND HC EMPLOYEE ISOLATED THE SEGMENT. SOON THEREAFTER CLEANUP COMMENCED AND WAS COMPLETED ON THE SAME DAY. THE LINE WAS PUT BACK INTO SERVICE ON THE SAME DAY.     THE INVESTIGATION YIELDED THAT A SCHEDULE 80 THREADED 1/2"" NIPPLE CRACKED FROM A LACK OF SUPPORT ON THE VENT LINE. A CONTRIBUTING FACTOR TO THE EVENT WAS HIGHER THAN NORMAL SOUTHEAST WINDS. THE NIPPLE WAS REPLACED, AND VENT LINE SUPPORTS WERE ADDED."
87,4/13/2023,2023,20230034,37934,SUPPLEMENTAL FINAL,32619,"HILAND CRUDE, LLC","1001 LOUISIANA ST, SUITE 1000",HOUSTON,TX,77002,3/21/2023 1:54,CENTRAL,YES,48.025678,-104.0211537,CRUDE OIL,,,1.91,,1.91,NO,,,,,,0,NO,,,,,,0,OTHER,NOTIFICATION FROM 3RD PARTY PRODUCER,,3/21/2023 1:54,ONSHORE,NO,,,3/21/2023 2:20,,NRC NOTIFICATION NOT REQUIRED,,NO,,,,,,NO,NO,,,0,ND,TRENTON,WILLIAMS,NO,TOTALLY CONTAINED ON OPERATOR-CONTROLLED PROPERTY,NO,,,,,,,,,,,,,,,,,,,,,OTHER,,,HYDRAULIC HOSE,,MATERIAL OTHER THAN CARBON STEEL,RUBBER WITH BRAIDED STAINLESS-STEEL,,REPORTING-REGULATED GATHERING,NO,,,,NO,NO,NO,,,,,,NO,,,,,,,,,0,132,50,6600,0,0,,6782,0,0,0,0,EQUIPMENT FAILURE,PUMP OR PUMP-RELATED EQUIPMENT,DANIEL GRANT,PIPELINE ENGINEER II,daniel_grant@kindermorgan.com,7134204409,,,,,"HILAND CRUDE, LLC (HC) WAS NOTIFIED AT 1:54PM ABOUT A LEAK ON A PRODUCER SITE. WHEN HC OPERATOR ARRIVED ON-SITE APPROXIMATELY BY 2:20PM, HE ISOLATED THE PUMP. SOON THEREAFTER CLEANUP COMMENCED AND WAS COMPLETED THE FOLLOWING DAY.     AFTER INVESTIGATION IT WAS DETERMINED THAT A MURPHY HOSE HAD FAILED DUE TO EXCESSIVE WEAR FROM RUBBING AGAINST THE PUMP FRAME DUE TO THE LACK OF PROPER SUPPORT. THE ZIP-TIE THAT WAS INSTALLED TO SECURE THE HOSE HAD BROKEN. FOR THIS EVENT, MORE HOSE SUPPORT WAS NECESSARY APART FROM THE ZIP-TIE ALONE. IT IS BELIEVED THAT DURING THE TIME BETWEEN THE ZIP-TIE BREAKING AND THE HOSE FAILING, THIS CONDITION SHOULD HAVE BEEN NOTICED BY A HC EMPLOYEE. THE HC RICHLAND OPERATING AREA HAS BEGUN INSPECTING 100HP PUMPS IN ITS AREA TO ENSURE PROPER ANCHORING IN SUPPORT OF THE MURPHY HOSES. THE RC 5983 TEAM REVIEWED HOW TO SPOT POTENTIAL ISSUES WHILE ON LOCATION WITH PUMPS. HOSE PROTECTOR SHEATHING WAS ADDED TO THE REPLACED HOSE, THE HOSE WAS REROUTED, AND IT WAS ZIP TIED TO THE PUMP FRAME WITH MORE THAN ONE ZIP-TIE TO PREVENT EXCESSIVE WEARING."
88,4/19/2023,2023,20230036,37957,ORIGINAL FINAL,300,"PLAINS PIPELINE, L.P.","333 CLAY STREET, SUITE 1900",HOUSTON,TX,77002,3/13/2023 12:00,MOUNTAIN,YES,32.69477,-103.884948,CRUDE OIL,,,3.5,,3.5,NO,,,,,,0,NO,,,,,,0,AIR PATROL,,CONTRACTOR WORKING FOR THE OPERATOR,3/20/2023 10:52,ONSHORE,NO,,,3/20/2023 11:15,,NRC NOTIFICATION NOT REQUIRED,,NO,,,,,,NO,NO,,,0,NM,Not Within a Municipality,EDDY,NO,PIPELINE RIGHT-OF-WAY,NO,,,,,,,,,,,,,,,,,,,,,PIPE,PIPE BODY,,,8.0,CARBON STEEL,,0.39,REPORTING-REGULATED GATHERING,NO,,,,YES,NO,NO,,,,,,NO,,,,,,,,,0,280,25000,20000,0,0,,45280,0,0,0,0,CORROSION FAILURE,INTERNAL CORROSION,NICOLAS GONZALEZ,SUPERVISOR HSE-REGULATORY COMPLIANCE,nagonzalez@paalp.com,7136464376,,NICOLAS GONZALEZ,nagonzalez@paalp.com,7136464376,APPROXIMATELY 3.5 BARRELS OF CRUDE OIL WERE RELEASED FROM THE SEG 1 LAT 4 8INCH PIPELINE.  THE DATE AND TIME OF THE RELEASE (PART A Q4) IS INDICATIVE OF THE EARLIEST POSSIBLE TIME THE RELEASE COULD HAVE STARTED BASED ON THE RIGHT-OF-WAY INSPECTION SCHEDULE.  THE APPARENT CAUSE OF THE RELEASE IS ATTRIBUTED TO INTERNAL CORROSION.  PLAINS IS PERFORMING A REVIEW OF THE LINE TO DETERMINE MITIGATIVE ACTIONS NECESSARY TO PREVENT FUTURE RELEASES.
89,3/31/2023,2023,20230033,38784,SUPPLEMENTAL FINAL,31888,CENTURION PIPELINE L.P.,1300 MAIN STREET,HOUSTON,TX,77002,3/3/2023 12:28,MOUNTAIN,NO,32.780835,-104.193711,CRUDE OIL,,,371.0,,371.0,NO,,,,,,0,NO,,,,,,0,OTHER,THIRD PARTY OPERATOR,,3/3/2023 14:45,ONSHORE,NO,,,3/3/2023 13:30,,NRC NOTIFICATION NOT REQUIRED,,NO,,,,,,YES,NO,,,0,NM,NOT WITHIN A MUNICIPALITY,EDDY COUNTY,NO,PIPELINE RIGHT-OF-WAY,NO,,,,,,,,,,,,,,,,,,,,,PIPE,PIPE BODY,,,4.0,CARBON STEEL,,1.0,REPORTING-REGULATED GATHERING,NO,,,,YES,NO,YES,,,YES,,,NO,,,,,,,,,0,2754,5000,89637,2000000,0,,2097391,0,0,0,0,CORROSION FAILURE,INTERNAL CORROSION,Y-VAN TY,SENIOR DOT COMPLIANCE SPECIALIST,yvan.ty@energytransfer.com,281-748-8205,,,,,"ON MARCH 3, 2023, A THIRD PARTY PUMPER INFORMED CENTURION PIPELINE, L.P. (CPL) OF A LEAK AT 12:28 PM. A CPL EMPLOYEE ARRIVED ON-SITE AT 01:30 PM AND CONFIRMED THE LEAK WAS ON CPL'S 'D TO 40' 4'' PIPELINE LOCATED NEAR ARTESIA, IN EDDY COUNTY, NEW MEXICO AT 02:45 PM. THREE HUNDRED AND SEVENTY-ONE (371) BARRELS OF CRUDE OIL WERE RELEASED DURING THE PROCESS. REMEDIATION IS ONGOING AND INCLUDES AREAS OUTSIDE THE PIPELINE RIGHT-OF-WAY. AN UPDATE WILL BE PROVIDED IN SUPPLEMENTAL REPORTS.    NO INJURIES, FATALITIES OR FIRES WERE ASSOCIATED WITH THIS INCIDENT.    REPAIRS ARE COMPLETE AND PLANS ARE IN PLACE TO REPLACE THE PIPELINE AND REMOVE THE FAILURE SITE. CPL'S INVESTIGATION IS STILL PENDING AND A SUPPLEMENTAL REPORT WILL FOLLOW UPON COMPLETION OF THE INVESTIGATION. THE SUPPLEMENTAL REPORT WILL INCLUDE THE ROOT CAUSE OF THE ACCIDENT, UPDATES TO COST, IF APPLICABLE, AND ASSOCIATED P&M MEASURE(S).    SUPPLEMENTAL REPORT FILED ON MAY 4, 2023:  DURING THE ROOT CAUSE ANALYSIS, CPL CORROSION DEPARTMENT DETERMINED INTERNAL CORROSION DUE TO UNDER DEPOSIT IRON SULFIDE ATTACK RESULTING IN A THROUGH-WALL CORROSION PIT AT THE 6 O'CLOCK POSITION.    SUPPLEMENTAL REPORT FILED ON JUNE 28, 2023:  REMEDIATION IS ONGOING AND THE REPORT HAS BEEN UPDATED FOR COST. A SUPPLEMENTAL FINAL REPORT WILL BE FILED ONCE REMEDIATION COSTS HAS FINALIZED.    SUPPLEMENTAL REPORT FILED ON AUGUST 29, 2023:  REMEDIATION IS ONGOING WITH DISCUSSIONS FROM STATE REGULATORS. THE REPORT HAS BEEN UPDATED FOR COST TO REFLECT REMEDIATION COSTS ALREADY OCCURRED WITH ADDITIONAL PROJECTIONS FOR MORE REMEDIATION TO ADHERE TO STATE REQUESTS. A SUPPLEMENTAL FINAL REPORT WILL BE FILED ONCE STATE REGULATORS HAVE APPROVED FINAL REMEDIATIONS PLANS.    SUPPLEMENTAL REPORT FLIED ON NOVEMBER 10, 2023:  REPORT HAS BEEN UPDATED FOR REMEDIATION COST FROM '1,400,000' TO '2,000,000.'"
90,3/30/2023,2023,20230032,37887,ORIGINAL FINAL,31888,CENTURION PIPELINE L.P.,1300 MAIN STREET,HOUSTON,TX,77002,3/3/2023 9:35,CENTRAL,NO,32.446363,-102.791958,CRUDE OIL,,,1.0,,1.0,NO,,,,,,0,NO,,,,,,0,OTHER,THIRD PARTY OPERATOR,,3/3/2023 11:55,ONSHORE,NO,,,3/3/2023 9:45,,NRC NOTIFICATION NOT REQUIRED,,NO,,,,,,NO,NO,,,0,TX,Not Within a Municipality,ANDREWS COUNTY,NO,PIPELINE RIGHT-OF-WAY,NO,,,,,,,,,,,,,,,,,,,,,PIPE,PIPE BODY,,,4.5,CARBON STEEL,,2.6,REPORTING-REGULATED GATHERING,NO,,,,YES,NO,YES,,,YES,,,NO,,,,,,,,,0,80,3900,400,0,0,,4380,0,0,0,0,CORROSION FAILURE,EXTERNAL CORROSION,Y-VAN TY,PIPELINE COMPLIANCE PROGRAM ADVISOR,yvan_ty@centurionpl.com,346-803-2718,,,,,"ON MARCH 3, 2023, A THIRD PARTY OPERATOR'S PUMPER CONTACTED A CENTURION PIPELINE, L.P. (CPL) EMPLOYEE ABOUT A POTENTIAL LEAK NEAR CPL'S ""INLINE TO FLAG'' RIGHT-OF-WAY NEAR ANDREWS, IN ANDREWS COUNTY, TEXAS. AN CPL EMPLOYEE ARRIVED ON-SITE AT 09:45 AM AND PROCEEDED TO CONFIRM THE LEAK WAS ON CPL'S ""INLINE TO FLAG"" SUMP AT 11:55 AM. ONE (1) BARREL OF CRUDE OIL WAS RELEASED AND RECOVERED DURING THE PROCESS. CPL REMEDIATED THE CONTAMINATED SOIL ON-SITE. NO INJURIES OR FATALITIES OR FIRES WERE ASSOCIATED WITH THIS INCIDENT. CPL DETERMINES THAT EXTERNAL CORROSION RESULTED IN THROUGH-WALL PIT AT THE 1 O'CLOCK POSITION ON BARE PIPE. UPON EXCAVATION, CPL DISCOVERED THAT GENERAL CORROSION DAMAGE EXTENDED BEYOND THE IMMEDIATE LEAK LOCATION AND REPAIRED THE EXTENDED AREA."
91,3/24/2023,2023,20230028,37885,SUPPLEMENTAL FINAL,32619,"HILAND CRUDE, LLC","1001 LOUISIANA ST, SUITE 1000",HOUSTON,TX,77002,3/2/2023 20:44,CENTRAL,NO,47.9782553,-103.6752236,CRUDE OIL,,,0.55,,0.55,NO,,,,,,0,NO,,,,,,0,OTHER,CALL BY EMPLOYEE OF CHORD ENERGY,,3/2/2023 20:44,ONSHORE,NO,,,3/2/2023 21:05,,NRC NOTIFICATION NOT REQUIRED,,NO,,,,,,NO,NO,,,0,ND,Not Within a Municipality,MCKENZIE,NO,TOTALLY CONTAINED ON OPERATOR-CONTROLLED PROPERTY,NO,,,,,,,,,,,,,,,,,,,,,OTHER,,,PUMP DISCHARGE FITTING,,MATERIAL OTHER THAN CARBON STEEL,PIPE FITTING AT PUMP HEAD,,REPORTING-REGULATED GATHERING,NO,,,,NO,NO,NO,,,,,,NO,,,,,,,,,0,42,12500,50,0,3690,"CONTRACTOR LABOR, EQUIPMENT, MATERIAL, AND DISPOSAL.",16282,0,0,0,0,EQUIPMENT FAILURE,THREADED CONNECTION/COUPLING FAILURE,WM. MARTIN MULLER,SPECIALSIT-PIPELINE TECHNICAL,martin_muller@kindermorgan.com,2053253863,2053253509,DARYN WINHOFER,daryn_winhofer@kindermorgan.com,4069732939,"ON 3/02/2023, A CHORD ENERGY EMPLOYEE WAS NEARBY AND OBSERVED AIRBORNE MIST.  INVESTIGATING, HE DISCOVERED THE CRUDE OIL SPILL AT THE WELL PAD PUMP AND PROCEEDED TO SHUT DOWN THE PUMP.  THEN, CONSEQUENTLY, THE CHORD ENERGY EMPLOYEE CONTACTED HILAND CRUDE (HC) STAFF AT 20:44-HOURS.  AT 21:05-HOURS, A NEARBY HC EMPLOYEE ARRIVED AT THE CHORD ENERGY RI-LYNN 5201 41-2 5BX WELL SITE, CONFIRMED THE EVENT AND PUMP STATUS, AND THEN ISOLATED THE PIPING AT THE PUMP.        OPERATIONS INITIATED THE EMERGENCY RESPONSE LINE (ERL) AT 21:10-HOURS AT WHICH TIME THE CRUDE OIL SPILL WAS DEEMED REPORTABLE.  APPROXIMATELY 23.4 GALLONS (0.55 BARREL) OF CRUDE OIL WAS SPILLED WITHIN THE EARTH CONTAINMENT SURROUNDING THE EQUIPMENT.  CLEANUP ACTIVITIES WITH CONTRACTOR LABOR AND EQUIPMENT BEGAN AND WAS COMPLETED ON 3/03/2023.      THE INTERNAL INVESTIGATION FOUND THE DISCHARGE PIPE FITTING AT THE PUMP HEAD HAD FAILED ALLOWING THE SPILL OF CRUDE OIL.  HC REPLACED THE DISCHARGE FITTING AND THE SUCTION PIPING HEADER AND THE FACILITY WAS RETURNED TO SERVICE ON 3/10/2023."
92,3/22/2023,2023,20230027,37861,SUPPLEMENTAL FINAL,32619,"HILAND CRUDE, LLC","1001 LOUISIANA ST, SUITE 1000",HOUSTON,TX,77002,3/2/2023 13:50,CENTRAL,NO,48.05397535,-103.6760657,CRUDE OIL,,,0.32,,0.32,NO,,,,,,0,NO,,,,,,0,"LOCAL OPERATING PERSONNEL, INCLUDING CONTRACTORS",,OPERATOR EMPLOYEE,3/2/2023 13:55,ONSHORE,NO,,,3/2/2023 13:50,,NRC NOTIFICATION NOT REQUIRED,,NO,,,,,,NO,NO,,,0,ND,Not Within a Municipality,MCKENZIE,NO,TOTALLY CONTAINED ON OPERATOR-CONTROLLED PROPERTY,NO,,,,,,,,,,,,,,,,,,,,,OTHER,,,PUMP COMPONENTS,,MATERIAL OTHER THAN CARBON STEEL,PIPE FITTING AT PUMP HEAD,,REPORTING-REGULATED GATHERING,NO,,,,NO,NO,NO,,,,,,NO,,,,,,,,,0,24,1110,50,0,125,EMPLOYEE LABOR AND ABSORBENT MATERIAL (WITHIN LINED CONTAINMENT).,1309,0,0,0,0,EQUIPMENT FAILURE,THREADED CONNECTION/COUPLING FAILURE,WM. MARTIN MULLER,SPECIALSIT-PIPELINE TECHNICAL,martin_muller@kindermorgan.com,2053253863,2053253509,DARYN WINHOFER,daryn_winhofer@kindermorgan.com,4069732939,"ON 3/02/2023, AT 13:50-HOURS, A HILAND CRUDE (HC) EMPLOYEE ARRIVED AT THE CONTINENTAL RESOURCES TALLAHASSEE 8-21 HSL WELL SITE FOR ROUTINE WORK TASKS.  AT 13:55-HOURS, THE EMPLOYEE DISCOVERED A CRUDE OIL SPILL ORIGINATING FROM THE 20HP CHARGE PUMP.  THE EMPLOYEE IMMEDIATELY STOPPED THE CHARGE PUMP, ISOLATED THE PIPING, AND THEN ALERTED THE OPERATIONS SUPERVISOR OF THE SPILL AND HIS ACTIONS TAKEN.     CONSEQUENTLY, OPERATIONS INITIATED THE EMERGENCY RESPONSE LINE (ERL) AT 14:17-HOURS AT WHICH TIME THE CRUDE OIL SPILL WAS DEEMED REPORTABLE.  APPROXIMATELY 13.5 GALLONS OF CRUDE OIL WAS SPILLED WITHIN THE LINED CONTAINMENT SURROUNDING THE EQUIPMENT.  CLEANUP ACTIVITIES WERE IMMEDIATELY STARTED BY HC EMPLOYEE AND WAS COMPLETED BY THE EMPLOYEE ON 3/02/2023.     THE INTERNAL INVESTIGATION FOUND THE PIPE NIPPLE ON THE UPSTREAM SIDE OF THE CHARGE PUMP HAD CRACKED ALLOWING THE SPILL OF CRUDE OIL.  HC REPLACED THE PIPE NIPPLE AND ADDED SUPPORT TO THE PIPING TO REDUCE VIBRATION AND FATIGUE.  THE FACILITY RETURNED TO SERVICE ON 3/02/2023."
93,3/27/2023,2023,20230031,37876,ORIGINAL FINAL,30829,ENTERPRISE CRUDE PIPELINE LLC,1100 LOUISIANA STREET,HOUSTON,TX,77002,3/2/2023 13:00,CENTRAL,NO,31.746181,-101.934089,CRUDE OIL,,,2.5,,2.5,NO,,,,,,0,NO,,,,,,0,"LOCAL OPERATING PERSONNEL, INCLUDING CONTRACTORS",,OPERATOR EMPLOYEE,3/2/2023 13:00,ONSHORE,NO,,,3/2/2023 13:00,,NRC NOTIFICATION NOT REQUIRED,,NO,,,,,,NO,NO,,,0,TX,Not Within a Municipality,MIDLAND,NO,TOTALLY CONTAINED ON OPERATOR-CONTROLLED PROPERTY,NO,,,,,,,,,,,,,,,,,,,,,OTHER,,,PRESSURE GAUGE,,CARBON STEEL,,0.27,REPORTING-REGULATED GATHERING,NO,,,,NO,NO,NO,,,,,,NO,,,,,,,,,0,195,5,4500,0,0,,4700,0,0,0,0,EQUIPMENT FAILURE,OTHER EQUIPMENT FAILURE,YAROSLAV BIL,PIPELINE COMPLIANCE ENGINEER,ybil@eprod.com,713-381-5650,,YAROSLAV BIL,ybil@eprod.com,713-381-5650,ON 3/2/2023 AT 13:00 CST ENTERPRISE PIPELINE TECHNICIAN LOCATED CRUDE COMING OF AN ANALOG PRESSURE GAUGE AT CHEVRON CMC17 STATION. IT WAS DETERMINED THAT THE PRESSURE GAUGE HAD FAILED AND THAT RESULTED IN 2.5 BARRELS OF CRUDE OIL RELEASED TO THE GROUND. THE LEAK WAS ISOLATED AND REMEDIATED; THE PRESSURE GAUGE WAS REMOVED.
94,3/27/2023,2023,20230030,37882,SUPPLEMENTAL FINAL,11551,"DELEK LOGISTICS OPERATING, LLC.",12700 PARK CENTRAL DRIVE SUITE 700,DALLAS,TX,75251,2/27/2023 17:07,CENTRAL,NO,33.215029,-93.449935,CRUDE OIL,,,5.0,,5.0,NO,,,,,,0,NO,,,,,,0,GROUND PATROL BY OPERATOR OR ITS CONTRACTOR,,OPERATOR EMPLOYEE,2/27/2023 17:07,ONSHORE,YES,OPERATOR,2/27/2023 17:20,2/27/2023 18:30,,NRC NOTIFICATION NOT REQUIRED,,NO,,,,,,YES,NO,,,0,AR,TAYLOR,LAFAYETTE,NO,PIPELINE RIGHT-OF-WAY,NO,,,,,,,,,,,,,,,,,,,,,PIPE,PIPE BODY,,,8.625,CARBON STEEL,,15.0,REPORTING-REGULATED GATHERING,NO,,,,YES,NO,NO,,,,,,NO,,,,,,,,,0,0,5000,5000,10000,0,,20000,0,0,0,0,CORROSION FAILURE,EXTERNAL CORROSION,TYLER CAMERON,SR. ENGINEERING TECHNICIAN,tyler.cameron2@deleklogistics.com,870-315-1393,,TYLER CAMERON,tyler.cameron2@deleklogistics.com,870-315-1393,THE PIPELINE WAS IN THE PROCESS OF BEING PURGED WITH NITROGEN. A DISC PIG WAS LAUNCHED AT SPIRIT LAKE LAUNCHER PUSHING CRUDE OIL TO TANKAGE AT MAGNOLIA STATION. THE LEAK WAS DISCOVERED BY MAINTENANCE PERSONNEL TRACKING THE PIG. THE LEAK WAS REPAIRED AND CLEANUP HAS BEEN COMPLETED. SAMPLING WILL BE CONDUCTED WHEN THE SOIL DRIES OUT.