,REPORT_RECEIVED_DATE,IYEAR,REPORT_NUMBER,SUPPLEMENTAL_NUMBER,REPORT_TYPE,OPERATOR_ID,NAME,OPERATOR_STREET_ADDRESS,OPERATOR_CITY_NAME,OPERATOR_STATE_ABBREVIATION,OPERATOR_POSTAL_CODE,LOCAL_DATETIME,TIME_ZONE,DAYLIGHT_SAVINGS_IND,LOCATION_LATITUDE,LOCATION_LONGITUDE,COMMODITY_RELEASED_TYPE,COMMODITY_SUBTYPE,COMMODITY_DETAILS,UNINTENTIONAL_RELEASE_BBLS,INTENTIONAL_RELEASE_BBLS,RECOVERED_BBLS,FATALITY_IND,NUM_EMP_FATALITIES,NUM_CONTR_FATALITIES,NUM_ER_FATALITIES,NUM_WORKER_FATALITIES,NUM_GP_FATALITIES,FATAL,INJURY_IND,NUM_EMP_INJURIES,NUM_CONTR_INJURIES,NUM_ER_INJURIES,NUM_WORKER_INJURIES,NUM_GP_INJURIES,INJURE,ACCIDENT_IDENTIFIER,ACCIDENT_DETAILS,OPERATOR_TYPE,INCIDENT_IDENTIFIED_DATETIME,ON_OFF_SHORE,COMMUNICATION_STATE_FED_IND,PARTY_INITIATED_COMMUNICATION,INITIAL_RESPONDER_COM_DATETIME,ON_SITE_DATETIME,NRC_RPT_DATETIME,NRC_RPT_NUM,ADDITIONAL_NRC_REPORT_NUMBERS,IGNITE_IND,IGNITE_DATETIME,HOW_EXTINGUISHED,HOW_EXTINGUISHED_OTHER_DETAIL,PRODUCT_CONSUMED_BY_FIRE_BBLS,EXPLODE_IND,OIL_SPILL_RESP_PLAN_IND,OSRO_MOBILIZED_IND,OSRO_OPERATOR_NOTIFIED_DT,OSRO_ARRIVED_ON_SITE_DT,NUM_PUB_EVACUATED,ONSHORE_STATE_ABBREVIATION,ONSHORE_CITY_NAME,ONSHORE_COUNTY_NAME,FEDERAL,LOCATION_TYPE,CROSSING,BRIDGE_CROSSING_IND,BRIDGE_TYPE,RAILROAD_CROSSING_IND,RAILROAD_TYPE,ROAD_CROSSING_IND,ROAD_TYPE,WATER_CROSSING_IND,WATER_TYPE,WATER_NAME,WATER_DEPTH,WATER_SUBTYPE,YEAR_RECENT_ENG_EVALUATION,OFF_ACCIDENT_ORIGIN,OFFSHORE_STATE_ABBREVIATION,OFF_INSTATE_AREA,OFF_INSTATE_BLOCK,OFFSHORE_COUNTY_NAME,OCS_TYPE,OFF_OCS_AREA,OFF_OCS_BLOCK,ITEM_INVOLVED,PIPE_TYPE,JOINT_SUBTYPE,ITEM_INVOLVED_DETAILS,PIPE_DIAMETER,MATERIAL_INVOLVED,MATERIAL_DETAILS,PERCENT_PIPE_SMYS,CLASSIFICATION_PIPELINE_SYSTEM,WILDLIFE_IMPACT_IND,FISH_AQUATIC_IMPACT_IND,BIRDS_IMPACT_IND,TERRESTRIAL_IMPACT_IND,SOIL_CONTAMINATION,LONG_TERM_ASSESSMENT,REMEDIATION_IND,SURFACE_WATER_REMED_IND,GROUNDWATER_REMED_IND,SOIL_REMED_IND,VEGETATION_REMED_IND,WILDLIFE_REMED_IND,WATER_CONTAM_IND,OCEAN_SEAWATER_IND,SURFACE_CONTAM_IND,GROUNDWATER_CONTAM_IND,DRINKING_WATER_CONTAM_IND,PRIVATE_WELL_CONTAM_IND,PUBLIC_WATER_CONTAM_IND,AMOUNT_RELEASED_BBLS,REL_WATER_NAME,EST_COST_OPER_PAID,EST_COST_GAS_RELEASED,EST_COST_PROP_DAMAGE,EST_COST_EMERGENCY,EST_COST_ENVIRONMENTAL,EST_COST_OTHER,EST_COST_OTHER_DETAILS,PRPTY,NUM_PERSONS_HOSP_NOT_OVNGHT,NUM_INJURED_TREATED_BY_EMT,NUM_RESIDENT_BUILDING_AFFCTD,NUM_BUSINESS_BUILDING_AFFCTD,CAUSE,CAUSE_DETAILS,PREPARER_NAME,PREPARER_TITLE,PREPARER_EMAIL,PREPARER_TELEPHONE,PREPARER_FAX,LOCAL_CONTACT_NAME,LOCAL_CONTACT_EMAIL,LOCAL_CONTACT_TELEPHONE,NARRATIVE
116,1/17/2023,2022,20230004,37584,ORIGINAL FINAL,39649,"IRONWOOD MIDSTREAM ENERGY PARTNERS, LLC","15727 ANTHEM PARKWAY, SUITE 510",SAN ANTONIO,TX,78249,12/25/2022 15:11,CENTRAL,NO,29.525672,-97.152163,CRUDE OIL,,,0.21,,0.0,NO,,,,,,0,NO,,,,,,0,OTHER,THIRD-PARTY OPERATOR,,12/25/2022 15:30,ONSHORE,NO,,,12/25/2022 15:30,,NRC NOTIFICATION NOT REQUIRED,,NO,,,,,,NO,NO,,,0,TX,Not Within a Municipality,LAVACA,NO,TOTALLY CONTAINED ON OPERATOR-CONTROLLED PROPERTY,NO,,,,,,,,,,,,,,,,,,,,,OTHER,,,2-INCH BALL VALVE,,CARBON STEEL,,20.0,REPORTING-REGULATED GATHERING,NO,,,,YES,NO,NO,,,,,,NO,,,,,,,,,0,40,500,750,750,0,,2040,0,0,0,0,EQUIPMENT FAILURE,"FAILURE OF EQUIPMENT BODY (EXCEPT PUMP), TANK PLATE, OR OTHER MATERIAL",CHRIS WILLIAMS,REGULATORY COMPLIANCE MANAGER,chris.williams@ironwoodmidstream.com,8067596499,,CHRIS WILLIAMS,chris.williams@ironwoodmidstream.com,8067596499,"ON DECEMBER 25, 2022, AT APPROXIMATELY 3:11 PM, IRONWOOD OPERATIONS WERE NOTIFIED OF A POSSIBLE LEAK AT THE CARBONITE LAUNCHER SITE. IRONWOOD OPERATIONS SUPERVISOR DISPATCHED AN OPERATOR TO THE SITE TO INVESTIGATE THE LEAK, THE OPERATOR ARRIVED ON-SITE AT APPROXIMATELY 3:30 PM. THE OPERATOR FOUND A 2-INCH BALL VALVE ON THE LACT UNIT LEAKING. THE OPERATOR DISABLED THE LACT UNIT AND ISOLATED THE FAILED BALL VALVE. THE BALL VALVE IN QUESTION WAS FOUND WITH A CRACK IN THE BODY AND LEAKING. OPERATIONS MADE THE SITE SAFE STARTED THE REMEDIATION AND CHANGED OUT THE FAILED VALVE WITH A DIFFERENT STYLE BODY THAN THE ORIGINAL VALVE. THERE WERE NO FATALITIES, INJURIES, FIRES/EXPLOSIONS, MEDIA ON-SITE, OR ROAD CLOSURES.   TO MITIGATE FUTURE RE-OCCURRENCE OF THE SAME TYPE OF ACCIDENT THE VALVE WAS REPLACED WITH A DIFFERENT STYLE VALVE TO ELIMINATE THE THREADED BODY. ALL OTHER SITES WERE INSPECTED AND NO ISSUES WERE REPORTED."
117,1/6/2023,2022,20230002,37600,SUPPLEMENTAL FINAL,31888,CENTURION PIPELINE L.P.,1300 MAIN STREET,HOUSTON,TX,77002,12/14/2022 12:20,CENTRAL,YES,32.444039,-102.811437,CRUDE OIL,,,0.7,,0.7,NO,,,,,,0,NO,,,,,,0,OTHER,THIRD PARTY OPERATOR - PUMPER,,12/14/2022 12:20,ONSHORE,NO,,,12/14/2022 9:27,,NRC NOTIFICATION NOT REQUIRED,,NO,,,,,,YES,NO,,,0,TX,Not Within a Municipality,ANDREWS,NO,PIPELINE RIGHT-OF-WAY,NO,,,,,,,,,,,,,,,,,,,,,PIPE,PIPE BODY,,,6.0,CARBON STEEL,,3.2,REPORTING-REGULATED GATHERING,NO,,,,YES,NO,YES,,,YES,,,NO,,,,,,,,,0,76,100,1800,0,0,,1976,0,0,0,0,CORROSION FAILURE,EXTERNAL CORROSION,Y-VAN TY,PIPELINE COMPLIANCE PROGRAM ADVISOR,yvan_ty@centurionpl.com,346-803-2718,,,,,"ON DECEMBER 14, 2022, A THIRD PARTY OPERATOR'S PUMPER NOTIFIED CENTURION PIPELINE, L.P. (CPL) OF A POTENTIAL LEAK NEAR CPL'S ""FULLERTON SWEET NW TR"" RIGHT-OF-WAY NEAR ANDREWS, IN ANDREWS COUNTY, TEXAS. AN CPL EMPLOYEE ARRIVED ON-SITE AT 09:27 AM AND PROCEEDED TO CONFIRM THE LEAK WAS ON CPL'S ""FULLERTON SWT NW TRAIL"" AT 12:20 PM. THIRTY-ONE AND A HALF (31.5) GALLONS OF CRUDE OIL WAS RELEASED AND RECOVERED DURING THE PROCESS. CPL REMEDIATED THE CONTAMINATED SOIL ON-SITE. NO INJURIES OR FATALITIES OR FIRES WERE ASSOCIATED WITH THIS INCIDENT. CPL'S INVESTIGATION IS STILL PENDING AND A SUPPLEMENTAL REPORT WILL FOLLOW UPON COMPLETION OF THE INVESTIGATION. THE SUPPLEMENTAL REPORT WILL INCLUDE THE ROOT CAUSE OF THE ACCIDENT AND ASSOCIATED P&M MEASURES.    SUPPLEMENTAL REPORT FILED ON JANUARY 20, 2023:  DURING THE ROOT CAUSE ANALYSIS, IT WAS DETERMINED THAT EXTERNAL CORROSION RESULTED IN THROUGH-WALL PIT AT THE 3 O'CLOCK POSITION ON BARE PIPE. ALSO, UPON EXCAVATION, CPL DISCOVERED THAT GENERAL CORROSION  DAMAGE EXTENDED BEYOND THE IMMEDIATE LEAK LOCATION. APPROXIMATELY, NINETY-EIGHT (98) FEET OF PIPE WAS REPLACED WITH FUSION BOND EPOXY (FBE) COATED PIPE. NO FURTHER ACTIONS ARE REQUIRED."
118,1/5/2023,2022,20230001,37545,ORIGINAL FINAL,32619,"HILAND CRUDE, LLC","1001 LOUISIANA ST, SUITE 1000",HOUSTON,TX,77002,12/10/2022 15:33,CENTRAL,NO,48.04449,-103.59774,CRUDE OIL,,,0.43,,0.43,NO,,,,,,0,NO,,,,,,0,OTHER,PRODUCER EMPLOYEE,,12/10/2022 15:33,ONSHORE,NO,,,12/10/2022 15:35,,NRC NOTIFICATION NOT REQUIRED,,NO,,,,,,NO,NO,,,0,ND,Not Within a Municipality,MCKENZIE,NO,TOTALLY CONTAINED ON OPERATOR-CONTROLLED PROPERTY,NO,,,,,,,,,,,,,,,,,,,,,OTHER,,,THREADED SWEDGE ON DISCHARGE OF PUMP,,CARBON STEEL,,0.18,REPORTING-REGULATED GATHERING,NO,,,,NO,NO,NO,,,,,,NO,,,,,,,,,0,33,750,0,0,0,,783,0,0,0,0,EQUIPMENT FAILURE,THREADED CONNECTION/COUPLING FAILURE,BALARK CHETHAN,PIPELINE ENGINEER,balark_chethan@kindermorgan.com,,,,,,"ON DECEMBER 10, 2022, AT 15:33 LOCAL TIME (CST), HILAND CRUDE, LLC (HC) LOCAL OPERATIONS PERSONNEL WERE NOTIFIED OF A RELEASE OF CRUDE OIL FROM THE HIGH-PRESSURE SIDE OF THE FLUID HEAD OF THE PUMP.  AT 15:35, HC PERSONNEL ARRIVED ONSITE, ISOLATED THE PUMP, AND CONFIRMED THE LEAK. CONSEQUENTLY, THE EMERGENCY RESPONSE LINE WAS INITIATED AT 16:15, AND DURING THE CALL, THE EVENT WAS DEEMED TO BE REPORTABLE BY 30-DAY REPORT TO PHMSA. THE CRUDE OIL WAS COMPLETELY CONTAINED WITHIN THE CONTAINMENT AREA. THE CRUDE OIL RELEASE WAS DUE TO THE DISCHARGE SWEDGE CRACKING AT THE LOCATION WHERE IT IS THREADED INTO THE FLUID HEAD OF THE PUMP, AND THE AMOUNT SPILLED WAS DETERMINED TO BE 18 GALLONS. THE CLEAN-UP WITHIN THE CONTAINMENT AREA WAS COMPLETED AT 18:00 ON DECEMBER 10, 2022. THE SWEDGE PIECE WAS REPLACED ON DECEMBER 12, 2022 AND THE PUMP RETURNED TO NORMAL OPERATIONS LATER ON DECEMBER 12, 2022."
119,12/22/2022,2022,20220119,37508,ORIGINAL FINAL,31888,CENTURION PIPELINE L.P.,1300 MAIN STREET,HOUSTON,TX,77002,11/28/2022 7:45,CENTRAL,YES,32.98857,-102.770645,CRUDE OIL,,,2.0,,2.0,NO,,,,,,0,NO,,,,,,0,NOTIFICATION FROM THIRD PARTY THAT CAUSED THE ACCIDENT,,,11/28/2022 7:45,ONSHORE,NO,,,11/28/2022 7:45,,NRC NOTIFICATION NOT REQUIRED,,NO,,,,,,YES,NO,,,0,TX,Not Within a Municipality,GAINES,NO,TOTALLY CONTAINED ON OPERATOR-CONTROLLED PROPERTY,NO,,,,,,,,,,,,,,,,,,,,,OTHER,,,TRUCK HEADER,,CARBON STEEL,,0.16,REPORTING-REGULATED GATHERING,NO,,,,YES,NO,YES,,,YES,,,NO,,,,,,,,,0,154,0,1500,1000,0,,2654,0,0,0,0,INCORRECT OPERATION,"TANK, VESSEL, OR SUMP/SEPARATOR ALLOWED OR CAUSED TO OVERFILL OR OVERFLOW",Y-VAN TY,PIPELINE COMPLIANCE PROGRAM ADVISOR,yvan_ty@centurionpl.com,346-803-2718,,,,,"ON NOVEMBER 28, 2022, A THIRD PARTY DRIVER INFORMED CENTURION PIPELINE, L.P. (CPL) OF A LEAK. THE CPL EMPLOYEE ARRIVED ON-SITE AT 07:45 AM AND CONFIRMED THE LEAK WAS NEAR CPL'S WASSON STATION - CET #13 LOCATED NEAR DENVER CITY, IN GAINES COUNTY, TEXAS. TWO (2) BARRELS OF CRUDE OIL WERE RELEASED AND RECOVERED DURING THE PROCESS. CPL REMEDIATED THE CONTAMINATED SOIL ON SITE. NO INJURIES, FATALITIES OR FIRES WERE ASSOCIATED WITH THIS INCIDENT. CPL'S INVESTIGATION DETERMINED THAT INCORRECT OPERATIONS BY THIRD PARTY CAUSED THE LEAK. THE ROOT CAUSE OF THE LEAK WAS THAT A THIRD PARTY TRUCK DRIVER OPERATING THE VALVES FOR UNLOADING DID NOT CLOSE THE BALL VALVE AFTER COMPLETING THE TASK TO FILL THE TANK. A CONTRIBUTING FACTOR TO THE LEAK WAS THAT THE CHECK VALVE ON THE LINE WAS NOT FULLY SEALED DUE TO SOLIDS THAT HAD BEEN FOUND ON THE SEAL. THIS ALLOWED THE FLOW TO SLOWLY LEAK THROUGH THE VALVE AND INTO THE CATCH BASIN WHICH OVERFLOWED. THE THIRD PARTY TRUCKING COMPANY HAS BEEN CONTACTED FOR EDUCATIONAL PURPOSES TO PREVENT FURTHER INCIDENTS. NO FURTHER ACTIONS ARE REQUIRED."
120,12/22/2022,2022,20220118,37505,ORIGINAL FINAL,31888,CENTURION PIPELINE L.P.,1300 MAIN STREET,HOUSTON,TX,77002,11/24/2022 11:40,CENTRAL,YES,32.471815,-102.801506,CRUDE OIL,,,10.0,,10.0,NO,,,,,,0,NO,,,,,,0,OTHER,THIRD PARTY OPERATOR - PUMPER,,11/24/2022 11:40,ONSHORE,NO,,,11/24/2022 11:40,,NRC NOTIFICATION NOT REQUIRED,,NO,,,,,,YES,NO,,,0,TX,Not Within a Municipality,ANDREWS,NO,"ORIGINATED ON OPERATOR-CONTROLLED PROPERTY, BUT THEN FLOWED OR MIGRATED OFF THE PROPERTY",NO,,,,,,,,,,,,,,,,,,,,,OTHER,,,DRAIN VALVE,,CARBON STEEL,,1.6,REPORTING-REGULATED GATHERING,NO,,,,YES,NO,YES,,,YES,,,NO,,,,,,,,,0,860,0,1500,1000,0,,3360,0,0,0,0,INCORRECT OPERATION,"TANK, VESSEL, OR SUMP/SEPARATOR ALLOWED OR CAUSED TO OVERFILL OR OVERFLOW",Y-VAN TY,PIPELINE COMPLIANCE PROGRAM ADVISOR,yvan_ty@centurionpl.com,346-803-2718,,,,,"ON NOVEMBER 24, 2022, A THIRD PARTY OPERATOR'S PUMPER CONTACTED A CENTURION PIPELINE, L.P. (CPL) EMPLOYEE ABOUT A POTENTIAL LEAK NEAR CPL'S ""INLINE TO FLAG'' RIGHT-OF-WAY NEAR ANDREWS, IN ANDREWS COUNTY, TEXAS. AN CPL EMPLOYEE ARRIVED ON-SITE AT 11:40AM AND PROCEEDED TO CONFIRM THE LEAK WAS ON CPL'S ""INLINE TO FLAG"" SUMP. TEN (10) BARRELS OF CRUDE OIL WAS RELEASED AND RECOVERED DURING THE PROCESS. CPL REMEDIATED THE CONTAMINATED SOIL ON-SITE. NO INJURIES OR FATALITIES OR FIRES WERE ASSOCIATED WITH THIS INCIDENT. CPL'S INVESTIGATION DETERMINED THAT INCORRECT OPERATIONS CAUSED THE LEAK. AFTER THE PIGGING RUN WAS PULLED ON NOVEMBER 21, THE DRAIN VALVE TO THE SUMP WAS NOT RETURNED TO THE CLOSED POSITION RESULTING IN THE OVERFLOW OF THE SUMP. EMPLOYEE'S OQ QUALIFICATIONS WERE REVOKED, RE-TRAINING WAS CONDUCTED AND MONITORED FOR A WEEK FOLLOWING THE INCIDENT. NO FURTHER ACTIONS ARE REQUIRED."
121,12/8/2022,2022,20220114,37442,ORIGINAL FINAL,22465,TARGA PIPELINE MID-CONTINENT WESTTEX LLC,"811 LOUISIANA STREET, SUITE 2100",HOUSTON,TX,77002,11/19/2022 9:00,CENTRAL,YES,32.527035,-101.60498,CRUDE OIL,,,12.0,,12.0,NO,,,,,,0,NO,,,,,,0,NOTIFICATION FROM PUBLIC,,,11/19/2022 9:30,ONSHORE,NO,,,11/19/2022 9:30,,NRC NOTIFICATION NOT REQUIRED,,NO,,,,,,NO,NO,,,0,TX,Not Within a Municipality,BORDEN,NO,PIPELINE RIGHT-OF-WAY,NO,,,,,,,,,,,,,,,,,,,,,OTHER,,,EQUIPMENT DRAIN VALVE,,CARBON STEEL,,8.0,REPORTING-REGULATED GATHERING,NO,,,,YES,NO,NO,,,,,,NO,,,,,,,,,0,960,0,0,1000,0,,1960,0,0,0,0,OTHER ACCIDENT CAUSE,UNKNOWN,JORDAN NORTH,SPECIALIST PIPELINE COMPLIANCE,jnorth@targaresources.com,9405779500,,JORDAN NORTH,jnorth@targaresources.com,9405779500,AT AROUND 9 AM OPERATIONS PERSONNEL WERE CONTACTED BY A 3RD PARTY WELL OPERATOR NOTIFYING US THAT OIL HAD SPILLED ON THE GROUND FROM A LACT UNIT SKID. UPON ARRIVAL TARGA EMPLOYEE FOUND THAT OIL HAD FILLED THE LACT SKID CONTAINMENT AND RAN ONTO THE GROUND. HE THEN CONTACTED HIS SUPERVISOR AND VERIFIED IT WAS OUR LEAK AND BEGAN REMEDIATION EFFORTS. DURING THE INITIAL INVESTIGATION OF THE CAUSE OF THE LEAK BY THE RESPONDING EMPLOYEE THERE WAS NO LEAKING OR MALFUNCTIONING EQUIPMENT FOUND. THE EQUIPMENT WAS PUT BACK INTO SERVICE AROUND 2 PM THE SAME DAY. THERE HAS BEEN NO LEAK SINCE. THE CAUSE OF THE LEAK IS UNKNOWN. TO MITIGATE FUTURE OCCURRENCE STEEL BRAIDED CAR SEALS WERE INSTALLED ON ALL EQUIPMENT DRAIN VALVES. OPERATIONS PERSONNEL ARE PERIODICALLY CHECKING LACT UNIT WEEKLY TO ENSURE PROPER CONTINUED OPERATION.
122,12/8/2022,2022,20220113,37440,ORIGINAL FINAL,22465,TARGA PIPELINE MID-CONTINENT WESTTEX LLC,"811 LOUISIANA STREET, SUITE 2100",HOUSTON,TX,77002,11/18/2022 14:00,CENTRAL,YES,32.407725,-101.548423,CRUDE OIL,,,2.0,,2.0,NO,,,,,,0,NO,,,,,,0,NOTIFICATION FROM PUBLIC,,,11/18/2022 14:30,ONSHORE,NO,,,11/18/2022 14:30,,NRC NOTIFICATION NOT REQUIRED,,NO,,,,,,NO,NO,,,0,TX,Not Within a Municipality,HOWARD,NO,PIPELINE RIGHT-OF-WAY,NO,,,,,,,,,,,,,,,,,,,,,OTHER,,,EQUIPMENT DRAIN VALVE,,CARBON STEEL,,8.0,REPORTING-REGULATED GATHERING,NO,,,,YES,NO,NO,,,,,,NO,,,,,,,,,0,160,0,0,1000,0,,1160,0,0,0,0,OTHER ACCIDENT CAUSE,UNKNOWN,JORDAN NORTH,SPECIALIST PIPELINE COMPLIANCE,jnorth@targaresources.com,9405779500,,JORDAN NORTH,jnorth@targaresources.com,9405779500,AT AROUND 2 PM OPERATIONS PERSONNEL WERE CONTACTED BY A 3RD PARTY WELL OPERATOR NOTIFYING US THAT OIL HAD SPILLED ON THE GROUND FROM A LACT UNIT SKID. UPON ARRIVAL TARGA EMPLOYEE FOUND THAT OIL HAD FILLED THE LACT SKID CONTAINMENT AND RAN ONTO THE GROUND. HE THEN CONTACTED HIS SUPERVISOR AND VERIFIED IT WAS OUR LEAK AND BEGAN REMEDIATION EFFORTS. DURING THE INITIAL INVESTIGATION OF THE CAUSE OF THE LEAK BY THE RESPONDING EMPLOYEE THERE WAS NO LEAKING OR MALFUNCTIONING EQUIPMENT FOUND. THE EQUIPMENT WAS PUT BACK INTO SERVICE AROUND 4 PM THE SAME DAY. THERE HAS BEEN NO LEAK SINCE. THE CAUSE OF THE LEAK IS UNKNOWN. TO ELIMINATE POSSIBLE CAUSE AND MITIGATE FUTURE OCCURRENCES STEEL BRAIDED CAR SEALS HAVE BEEN INSTALLED ON ALL EQUIPMENT DRAIN VALVES. OPERATIONS PERSONNEL ARE PERIODICALLY CHECKING LACT UNIT WEEKLY TO ENSURE PROPER OPERATION.
123,12/12/2022,2022,20220117,37566,SUPPLEMENTAL FINAL,31888,CENTURION PIPELINE L.P.,1300 MAIN STREET,HOUSTON,TX,77002,11/16/2022 10:50,CENTRAL,YES,32.580476,-102.704803,CRUDE OIL,,,1.0,,1.0,NO,,,,,,0,NO,,,,,,0,"LOCAL OPERATING PERSONNEL, INCLUDING CONTRACTORS",,OPERATOR EMPLOYEE,11/16/2022 11:30,ONSHORE,NO,,,11/16/2022 10:50,,NRC NOTIFICATION NOT REQUIRED,,NO,,,,,,YES,NO,,,0,TX,Not Within a Municipality,GAINES,NO,PIPELINE RIGHT-OF-WAY,NO,,,,,,,,,,,,,,,,,,,,,OTHER,,,ELBOW WELD,,CARBON STEEL,,1.6,REPORTING-REGULATED GATHERING,NO,,,,YES,NO,YES,,,YES,,,NO,,,,,,,,,0,85,1000,1500,0,0,,2585,0,0,0,0,CORROSION FAILURE,INTERNAL CORROSION,Y-VAN TY,PIPELINE COMPLIANCE PROGRAM ADVISOR,yvan_ty@centurionpl.com,346-803-2718,,,,,"ON NOVEMBER 16, 2022, AN CENTURION PIPELINE, L.P. (CPL) EMPLOYEE FOUND A LEAK NEAR CPL'S ""ROBINSON"" RIGHT-OF-WAY NEAR SEMINOLE, IN GAINES COUNTY, TEXAS. A CPL EMPLOYEE ARRIVED ON-SITE AT 10:50AM AND PROCEED TO CONFIRM THE LEAK WAS ON THE ""ROBINSON"" 4-INCH PIPELINE AT 11:30AM. TEMPORARY REPAIRS WERE COMPLETED. ONE (1) BARREL OF CRUDE OIL WAS RELEASED AND RECOVERED DURING THE PROCESS. CPL REMEDIATED THE CONTAMINATED SOIL ON-SITE. NO INJURIES OR FATALITIES OR FIRES WERE ASSOCIATED WITH THIS INCIDENT. CPL'S INVESTIGATION IS STILL PENDING AND A SUPPLEMENTAL REPORT WILL FOLLOW UPON COMPLETION OF THE INVESTIGATION. THE SUPPLEMENTAL REPORT WILL INCLUDE THE ROOT CAUSE OF THE ACCIDENT AND ASSOCIATED P&M MEASURES.    SUPPLEMENTAL FINAL REPORT FILED ON JANUARY 11, 2023:  DURING THE ROOT CAUSE ANALYSIS, CPL DETERMINED INTERNAL CORROSION DUE TO LOW FLOW, NON-PIGGABLE AND NON CHEMICALLY TREATED SECTION OF PIPE RESULTED IN A THROUGH-WALL CORROSION PIT AT THE 6 O'CLOCK POSITION. THE DAMAGE SECTION HAS BEEN REPLACED AND NO FURTHER ACTIONS ARE REQUIRED."
124,12/9/2022,2022,20220115,37547,SUPPLEMENTAL FINAL,39348,"NUSTAR PERMIAN TRANSPORTATION AND STORAGE, LLC",19003 IH-10 WEST,SAN ANTONIO,TX,78257,11/12/2022 10:23,CENTRAL,YES,32.37618,-101.67903,CRUDE OIL,,,0.48,,0.48,NO,,,,,,0,NO,,,,,,0,NOTIFICATION FROM PUBLIC,,,11/12/2022 10:58,ONSHORE,NO,,,11/12/2022 10:58,,NRC NOTIFICATION NOT REQUIRED,,NO,,,,,,NO,NO,,,0,TX,Not Within a Municipality,HOWARD,NO,TOTALLY CONTAINED ON OPERATOR-CONTROLLED PROPERTY,NO,,,,,,,,,,,,,,,,,,,,,PIPE,PIPE BODY,,,0.25,CARBON STEEL,,0.46,REPORTING-REGULATED GATHERING,NO,,,,YES,NO,NO,,,,,,NO,,,,,,,,,0,43,38,852,0,0,,933,0,0,0,0,EQUIPMENT FAILURE,THREADED CONNECTION/COUPLING FAILURE,RUSSELL PESEK,PIPELINE SAFETY MANAGER,russell.pesek@nustarenergy.com,3612499417,,,,,"A THIRD-PARTY PUMPER NOTIFIED NUSTAR OF A POTENTIAL CRUDE OIL RELEASE AT NUSTAR'S DIA LILLY FACILITY.  NUSTAR'S CONTROL ROOM SHUTDOWN THE PIPELINE, AND OPERATIONS PERSONNEL WERE DISPATCHED TO THE SITE.  THE LEAK ORIGINATED FROM A CRACK ON A 1/4-INCH THREADED PIPE NIPPLE CONNECTING A VOLUME REGULATOR TO THE LACT.  THE CRACK INITIATED AT THE BASE OF THE PIPE THREADING, AND THE CAUSE OF THE LEAK WAS VIBRATION.  THE NIPPLE WAS REPLACED, AND THE SITE WAS RETURNED TO SERVICE."
125,12/8/2022,2022,20220112,37439,ORIGINAL FINAL,30829,ENTERPRISE CRUDE PIPELINE LLC,1100 LOUISIANA STREET,HOUSTON,TX,77002,11/11/2022 11:00,CENTRAL,NO,31.868628,-102.064531,CRUDE OIL,,,4.0,,4.0,NO,,,,,,0,NO,,,,,,0,"LOCAL OPERATING PERSONNEL, INCLUDING CONTRACTORS",,OPERATOR EMPLOYEE,11/11/2022 11:00,ONSHORE,NO,,,11/11/2022 11:00,,NRC NOTIFICATION NOT REQUIRED,,NO,,,,,,YES,YES,11/11/2022 11:05,11/11/2022 12:05,0,TX,MIDLAND,MIDLAND,NO,TOTALLY CONTAINED ON OPERATOR-CONTROLLED PROPERTY,NO,,,,,,,,,,,,,,,,,,,,,OTHER,,,PSV,,CARBON STEEL,,0.31,REPORTING-REGULATED GATHERING,NO,,,,YES,NO,NO,,,,,,NO,,,,,,,,,0,350,0,1800,0,0,,2150,0,0,0,0,EQUIPMENT FAILURE,MALFUNCTION OF CONTROL/RELIEF EQUIPMENT,MEHRDOD KHAVARIAN,PIPELINE COMPLIANCE ENGINEER,mkhavarian@eprod.com,713-376-9799,,YAROSLAV BIL,ybil@eprod.com,713-906-8726,"ON 11/11/2022 AT 11:00 AM CST, ENTERPRISE PIPELINE TECHNICIAN OBSERVED CRUDE OIL OVERFLOWING FROM THE SUMP AT TEXAS TEN AA ZZ PUMP STATION. 4 BARRELS OF OIL REACHED THE GROUND. SUMP OVERFILLED DUE TO THERMAL PSV NOT FULLY CLOSING AFTER A THERMAL RELIEF OCCURRED.  AFTER INVESTIGATION, THE PSV DID NOT FUNCTION CORRECTLY BECAUSE OF DEBRIS PREVENTING IT FROM PROPERLY CLOSING. THE LEAK WAS ISOLATED AND SOIL REMEDIATED. THE PSV WAS CLEANED OUT AND CALIBRATED PRIOR TO REINSTALLING."