,REPORT_RECEIVED_DATE,IYEAR,REPORT_NUMBER,SUPPLEMENTAL_NUMBER,REPORT_TYPE,OPERATOR_ID,NAME,OPERATOR_STREET_ADDRESS,OPERATOR_CITY_NAME,OPERATOR_STATE_ABBREVIATION,OPERATOR_POSTAL_CODE,LOCAL_DATETIME,TIME_ZONE,DAYLIGHT_SAVINGS_IND,LOCATION_LATITUDE,LOCATION_LONGITUDE,COMMODITY_RELEASED_TYPE,COMMODITY_SUBTYPE,COMMODITY_DETAILS,UNINTENTIONAL_RELEASE_BBLS,INTENTIONAL_RELEASE_BBLS,RECOVERED_BBLS,FATALITY_IND,NUM_EMP_FATALITIES,NUM_CONTR_FATALITIES,NUM_ER_FATALITIES,NUM_WORKER_FATALITIES,NUM_GP_FATALITIES,FATAL,INJURY_IND,NUM_EMP_INJURIES,NUM_CONTR_INJURIES,NUM_ER_INJURIES,NUM_WORKER_INJURIES,NUM_GP_INJURIES,INJURE,ACCIDENT_IDENTIFIER,ACCIDENT_DETAILS,OPERATOR_TYPE,INCIDENT_IDENTIFIED_DATETIME,ON_OFF_SHORE,COMMUNICATION_STATE_FED_IND,PARTY_INITIATED_COMMUNICATION,INITIAL_RESPONDER_COM_DATETIME,ON_SITE_DATETIME,NRC_RPT_DATETIME,NRC_RPT_NUM,ADDITIONAL_NRC_REPORT_NUMBERS,IGNITE_IND,IGNITE_DATETIME,HOW_EXTINGUISHED,HOW_EXTINGUISHED_OTHER_DETAIL,PRODUCT_CONSUMED_BY_FIRE_BBLS,EXPLODE_IND,OIL_SPILL_RESP_PLAN_IND,OSRO_MOBILIZED_IND,OSRO_OPERATOR_NOTIFIED_DT,OSRO_ARRIVED_ON_SITE_DT,NUM_PUB_EVACUATED,ONSHORE_STATE_ABBREVIATION,ONSHORE_CITY_NAME,ONSHORE_COUNTY_NAME,FEDERAL,LOCATION_TYPE,CROSSING,BRIDGE_CROSSING_IND,BRIDGE_TYPE,RAILROAD_CROSSING_IND,RAILROAD_TYPE,ROAD_CROSSING_IND,ROAD_TYPE,WATER_CROSSING_IND,WATER_TYPE,WATER_NAME,WATER_DEPTH,WATER_SUBTYPE,YEAR_RECENT_ENG_EVALUATION,OFF_ACCIDENT_ORIGIN,OFFSHORE_STATE_ABBREVIATION,OFF_INSTATE_AREA,OFF_INSTATE_BLOCK,OFFSHORE_COUNTY_NAME,OCS_TYPE,OFF_OCS_AREA,OFF_OCS_BLOCK,ITEM_INVOLVED,PIPE_TYPE,JOINT_SUBTYPE,ITEM_INVOLVED_DETAILS,PIPE_DIAMETER,MATERIAL_INVOLVED,MATERIAL_DETAILS,PERCENT_PIPE_SMYS,CLASSIFICATION_PIPELINE_SYSTEM,WILDLIFE_IMPACT_IND,FISH_AQUATIC_IMPACT_IND,BIRDS_IMPACT_IND,TERRESTRIAL_IMPACT_IND,SOIL_CONTAMINATION,LONG_TERM_ASSESSMENT,REMEDIATION_IND,SURFACE_WATER_REMED_IND,GROUNDWATER_REMED_IND,SOIL_REMED_IND,VEGETATION_REMED_IND,WILDLIFE_REMED_IND,WATER_CONTAM_IND,OCEAN_SEAWATER_IND,SURFACE_CONTAM_IND,GROUNDWATER_CONTAM_IND,DRINKING_WATER_CONTAM_IND,PRIVATE_WELL_CONTAM_IND,PUBLIC_WATER_CONTAM_IND,AMOUNT_RELEASED_BBLS,REL_WATER_NAME,EST_COST_OPER_PAID,EST_COST_GAS_RELEASED,EST_COST_PROP_DAMAGE,EST_COST_EMERGENCY,EST_COST_ENVIRONMENTAL,EST_COST_OTHER,EST_COST_OTHER_DETAILS,PRPTY,NUM_PERSONS_HOSP_NOT_OVNGHT,NUM_INJURED_TREATED_BY_EMT,NUM_RESIDENT_BUILDING_AFFCTD,NUM_BUSINESS_BUILDING_AFFCTD,CAUSE,CAUSE_DETAILS,PREPARER_NAME,PREPARER_TITLE,PREPARER_EMAIL,PREPARER_TELEPHONE,PREPARER_FAX,LOCAL_CONTACT_NAME,LOCAL_CONTACT_EMAIL,LOCAL_CONTACT_TELEPHONE,NARRATIVE
137,10/20/2022,2022,20220101,38311,SUPPLEMENTAL FINAL,39020,"ENABLE BAKKEN CRUDE SERVICES, LLC",1300 MAIN STREET,HOUSTON,TX,77002,9/20/2022 16:21,CENTRAL,YES,48.19242,-102.9697,CRUDE OIL,,,245.0,,245.0,NO,,,,,,0,NO,,,,,,0,NOTIFICATION FROM THIRD PARTY THAT CAUSED THE ACCIDENT,,,9/20/2022 16:42,ONSHORE,NO,,,9/20/2022 16:35,,NRC NOTIFICATION NOT REQUIRED,,NO,,,,,,YES,NO,,,0,ND,TIOGA,WILLIAMS,NO,PIPELINE RIGHT-OF-WAY,NO,,,,,,,,,,,,,,,,,,,,,PIPE,PIPE BODY,,,6.625,CARBON STEEL,,4.6,REPORTING-REGULATED GATHERING,NO,,,,YES,NO,YES,,,YES,,,NO,,,,,,,,,5000,20825,11000,24199,175680,0,,236704,0,0,0,0,EXCAVATION DAMAGE,EXCAVATION DAMAGE BY THIRD PARTY,TODD NARDOZZI,DIRECTOR - REGULATORY COMPLIANCE,todd.nardozzi@energytransfer.com,713-989-7126,,,,,"ON 9/20/22 AT 16:42, A THIRD PARTY NOTIFIED OPERATIONS THAT THEY STRUCK OUR NESSON NEE 6-INCH LINE WHILE PERFORMING BORING ACTIVITIES. THE CONTROL CENTER WAS NOTIFIED, AND OPERATIONS ISOLATED THE LINE WITH MANUAL VALVES IN THE FIELD.    APPROXIMATELY 245 BARRELS OF CRUDE OIL WAS RELEASED IMPACTING SOIL. A HYDROVAC TRUCK WAS ONSITE AND BEGAN COLLECTING FREE OIL. THE THIRD PARTY MANAGED THE CLEANUP AND HAULED IMPACTED SOIL OFFSITE.    A 6-INCH PLIDOC CLAMP WAS INSTALLED ON 9/21 AND THE LINE WAS RESTARTED ON 9/22 AT APPROXIMATELY 08:45.    AN INVESTIGATION DISCOVERED THE THIRD PARTY'S CONTRACTOR WAS PULLING BACK A 24-INCH REAMER AND STRUCK OUR 6-INCH STEEL CRUDE OIL LINE. THE REAMER PUT A 3-INCH HOLE, AND OTHER DENTS AND SCRATCHES INTO THE BOTTOM OF THE 6-INCH PIPE. THERE WERE NO PIN FLAGS MARKING OUR LINES AT THE TIME OF THE BORE. LINES WERE LOCATED FOR THE ONE CALL, THEN THE FARMER HAYED THE FIELD, AND THE LINES WERE NOT RELOCATED PROPERLY. THIRD PARTY'S CONTRACTOR EMPLOYEE DID NOT USE ALL MEANS NECESSARY TO LOCATE LINE AND EXCAVATOR DID NOT USE LONO CORRECTLY.     COMPANY OPERATIONS PERSONNEL HAVE BEEN RETRAINED ON LINE LOCATING, MARKING, AND ONE CALL PROCEDURES TO PREVENT RECURRENCE."
138,10/14/2022,2022,20220100,37557,SUPPLEMENTAL FINAL,32619,"HILAND CRUDE, LLC","1001 LOUISIANA ST, SUITE 1000",HOUSTON,TX,77002,9/17/2022 8:50,CENTRAL,NO,47.96494,-103.4861,CRUDE OIL,,,2.21,,2.21,NO,,,,,,0,NO,,,,,,0,"LOCAL OPERATING PERSONNEL, INCLUDING CONTRACTORS",,CONTRACTOR WORKING FOR THE OPERATOR,9/17/2022 8:50,ONSHORE,NO,,,9/17/2022 9:20,,NRC NOTIFICATION NOT REQUIRED,,NO,,,,,,NO,NO,,,0,ND,ALEXANDER,MCKENZIE,NO,TOTALLY CONTAINED ON OPERATOR-CONTROLLED PROPERTY,NO,,,,,,,,,,,,,,,,,,,,,OTHER,,,CHECK VALVE O-RING,,MATERIAL OTHER THAN CARBON STEEL,VICTAULIC POLYMER,,REPORTING-REGULATED GATHERING,NO,,,,NO,NO,NO,,,,,,NO,,,,,,,,,0,143,8000,0,0,0,,8143,0,0,0,0,EQUIPMENT FAILURE,MALFUNCTION OF CONTROL/RELIEF EQUIPMENT,RONALD BARNES,ENGINEER - CODES AND STANDARDS,ronald_barnesii@kindermorgan.com,7134202324,,,,,"ON SEPTEMBER 17, 2022, AT 8:50AM (CDT) A PUMPER NOTIFIED HILAND CRUDE, LLC (HILAND) OPERATIONS THAT THEY NOTICED CRUDE OIL ON THE GROUND AT THE MISSOULA 4/5 WELL PAD SITE NEAR THE HILAND PUMPS. HILAND PERSONNEL ARRIVED ON SITE AT 9:20AM TO FIND CRUDE OIL HAD BEEN RELEASED BUT WAS CONTAINED WITHIN LINED CONTAINMENT. TO STOP THE LEAK, THE PUMP WAS ISOLATED. THE RELEASE VOLUME WAS 2.2 BARRELS/93 GALLONS. ALL OF THE RELEASED CRUDE OIL WAS RECOVERED. CLEAN-UP OF THE LINED CONTAINMENT AREA WAS COMPLETED SEPTEMBER 18, 2022.    THE INVESTIGATION INTO THE EVENT REVEALED THAT THE  3 CYLINDER POSITIVE DISPLACEMENT 20HP PUMP DISCHARGE CHECK VALVE O-RING FAILED, ALLOWING PIPELINE PRESSURE TO REACH LOW PRESSURE PIPING ON THE SUCTION SIDE OF THE PUMP WHICH CAUSED THE LEAK AND RELEASE OF CRUDE OIL. IN ORDER TO PREVENT A RECURRENCE, THE CHECK VALVE O-RING WAS REPLACED.    THIS REPORT IS BEING SUBMITTED AS FINAL WITH NO ADDITIONAL CHANGES FROM THE ORIGINAL REPORT. THE FINAL BOX WAS INADVERTENTLY NOT CHECKED IN THE ORIGINAL REPORT SUBMISSION."
139,9/29/2022,2022,20220097,37182,ORIGINAL FINAL,39649,"IRONWOOD MIDSTREAM ENERGY PARTNERS, LLC","15727 ANTHEM PARKWAY, SUITE 510",SAN ANTONIO,TX,78249,9/16/2022 8:00,CENTRAL,YES,28.473711,-99.290928,CRUDE OIL,,,1.15,,0.36,NO,,,,,,0,NO,,,,,,0,"LOCAL OPERATING PERSONNEL, INCLUDING CONTRACTORS",,OPERATOR EMPLOYEE,9/16/2022 8:00,ONSHORE,NO,,,9/16/2022 8:00,,NRC NOTIFICATION NOT REQUIRED,,NO,,,,,,NO,NO,,,0,TX,Not Within a Municipality,LA SALLE,NO,TOTALLY CONTAINED ON OPERATOR-CONTROLLED PROPERTY,NO,,,,,,,,,,,,,,,,,,,,,OTHER,,,AIR ELIMINATOR,,CARBON STEEL,,6.0,REPORTING-REGULATED GATHERING,NO,,,,YES,NO,YES,,,YES,,,NO,,,,,,,,,0,105,500,0,3000,0,,3605,0,0,0,0,EQUIPMENT FAILURE,OTHER EQUIPMENT FAILURE,CHRIS WILLIAMS,REGULATORY COMPLIANCE MANAGER,chris.williams@ironwoodmidstream.com,8067596499,,GERON HENDRICKSON,geron.hendrickson@ironwoodmidstream.com,2108406622,"ON SEPTEMBER 16, 2022, AT APPROXIMATELY 8:00 AM, AN IRONWOOD OPERATOR SEEN CRUDE LEAKING FROM AN AIR ELIMINATOR ON AN IRONWOOD LACT UNIT, THIS LACT UNIT IS ON A RURAL NON-REGULATED GATHERING SYSTEM. IRONWOOD'S OPERATOR IMMEDIATELY NOTIFIED HIS SUPERVISOR AND CLOSED THE BALL VALVE TO THE AIR ELIMINATOR ON THE LACT UNIT. THE AIR ELIMINATOR IS DESIGNED WITH A BALL VALVE ON THE INLET SIDE TO ALLOW FOR ISOLATION WITHOUT DISRUPTING THE PIPELINE NORMAL OPERATIONS. AS SOON AS THE SITE WAS DETERMINED TO BE SAFE IRONWOOD OPERATIONS BEGAN REMEDIATION OF THE SOIL AND MADE REPAIRS. IT WAS ESTIMATED THAT APPROXIMATELY 1.15 BARRELS OF CRUDE WAS RELEASE AS A RESULT OF THE LEAK AND .36 BARRELS WERE RECOVERED. THE GATHERING SYSTEM WAS NOT SHUT DOWN DUE TO THE LEAK, THERE WERE NO FATALITIES, INJURIES, HOSPITALIZATIONS, FIRE/EXPLOSION, OR EVACUATIONS.     TO MITIGATE FUTURE RE-OCCURRENCE OF THE SAME TYPE OF ACCIDENT IRONWOOD RE-ROUTED THE AIR ELIMINATOR OUTLET TUBING TO RETURN TO THE PIPELINE IF THERE WAS A SIMILAR FAILURE IN THE FUTURE. ADDITIONALLY, ALL SIMILAR SITES WILL BE INSPECTED AND RE-ROUTED TO PREVENT THE SAME TYPE OF ACCIDENT."
140,10/5/2022,2022,20220099,37283,SUPPLEMENTAL FINAL,15851,"DELEK MARKETING AND SUPPLY, LP",12700 PARK CENTRAL DRIVE SUITE 700,DALLAS,TX,75251,9/8/2022 9:45,CENTRAL,NO,32.374015,-101.33554,CRUDE OIL,,,10.0,,6.0,NO,,,,,,0,NO,,,,,,0,"LOCAL OPERATING PERSONNEL, INCLUDING CONTRACTORS",,OPERATOR EMPLOYEE,9/8/2022 9:45,ONSHORE,NO,,,9/8/2022 10:00,,NRC NOTIFICATION NOT REQUIRED,,NO,,,,,,NO,NO,,,0,TX,COAHOMA,HOWARD,NO,TOTALLY CONTAINED ON OPERATOR-CONTROLLED PROPERTY,NO,,,,,,,,,,,,,,,,,,,,,OTHER,,,PRESSURE GUAGE,,MATERIAL OTHER THAN CARBON STEEL,STAINLESS STEEL,,REPORTING-REGULATED GATHERING,NO,,,,NO,NO,NO,,,,,,NO,,,,,,,,,0,0,2000,0,0,7000,CONTRACTOR CLEAN UP.,9000,0,0,0,0,EQUIPMENT FAILURE,MALFUNCTION OF CONTROL/RELIEF EQUIPMENT,CANDACE NORRIS,REGULATORY AFFAIRS AND COMPLIANCE SPECIALIST,candace.norris@delekus.com,,,,,,"PRESSURE GAUGE FAILURE LOCATED ON A TRAP NEAR THE SHENANDOAH LATERAL TIE-IN RESULTING IN10 BBL CRUDE OIL RELEASE IDENTIFIED BY LOCAL OPERATOR. RELEASE CONTAINED ON DELEK PROPERTY AND ROW. PIPELINE WAS SHUTDOWN, RESOURCES ARRIVED ONSITE FOR PROMPT CLEAN UP AND SYSTEM RESTARTED."
141,9/27/2022,2022,20220094,37169,ORIGINAL FINAL,40149,"WESTERN REFINING LOGISTICS, LP",1515 ARAPAHOE STREET SUITE 1600,DENVER,CO,80202,9/2/2022 8:45,MOUNTAIN,NO,32.30982,-104.07317,CRUDE OIL,,,0.5,,0.5,NO,,,,,,0,NO,,,,,,0,GROUND PATROL BY OPERATOR OR ITS CONTRACTOR,,OPERATOR EMPLOYEE,9/2/2022 8:45,ONSHORE,NO,,,9/2/2022 8:45,,NRC NOTIFICATION NOT REQUIRED,,NO,,,,,,NO,NO,,,0,NM,LOVING,EDDY,NO,"ORIGINATED ON OPERATOR-CONTROLLED PROPERTY, BUT THEN FLOWED OR MIGRATED OFF THE PROPERTY",NO,,,,,,,,,,,,,,,,,,,,,OTHER,,,SPILL BACK LINE LEFT OPEON,,CARBON STEEL,,0.01,REPORTING-REGULATED GATHERING,NO,,,,YES,NO,NO,,,,,,NO,,,,,,,,,0,44,0,0,26686,0,,26730,0,0,0,0,INCORRECT OPERATION,EQUIPMENT NOT INSTALLED PROPERLY,KEITH NORRIS,PIPELINE COMPLIANCE,wknorris@mplx.com,15053600834,,TONY MINUTILLO,tminutillo@mplx.com,3034893275,"ON SEPTEMBER 2, 2022, AT 0845, MPLX OPERATIONS RESTARTED THE STATION PUMP AFTER RELIEF VALVE TESTING WAS COMPLETED AND CAUSED AN IMMEDIATE RELEASE. THE ISOLATION VALVE WAS IMMEDIATELY CLOSED. UPON FURTHER INVESTIGATION INTO THE RELEASE SOURCE, THE OPERATOR DETERMINED THE TESTING CONTRACTOR HAD FAILED TO CLOSE THE ""SPILL BACK LINE"" ON THE DISCHARGE SIDE OF THE PUMP. THE OPEN VALVE ALLOWED CRUDE TO SPRAY INTO THE AIR AND COVERED THE SITE SURFACE/SURROUNDING EQUIPMENT. MPLX OPERATIONS CLEANUP ALL FREE STANDING LIQUID THAT DAY AND A THIRD PARTY CONTRACTOR WAS BROUGHT IN TO REMOVE CONTAMINATED SOILS WHICH THE CLEANUP IS STILL ONGOING."
142,9/30/2022,2022,20220098,37189,ORIGINAL FINAL,31878,BRIDGER PIPELINE LLC,455 N. POPLAR ST.,CASPER,WY,82602,8/30/2022 23:50,MOUNTAIN,YES,47.51448,-102.90652,CRUDE OIL,,,1.0,,1.0,NO,,,,,,0,NO,,,,,,0,"LOCAL OPERATING PERSONNEL, INCLUDING CONTRACTORS",,CONTRACTOR WORKING FOR THE OPERATOR,8/30/2022 23:50,ONSHORE,NO,,,8/31/2022 5:00,,NRC NOTIFICATION NOT REQUIRED,,NO,,,,,,NO,NO,,,0,ND,Not Within a Municipality,DUNN COUNTY,NO,TOTALLY CONTAINED ON OPERATOR-CONTROLLED PROPERTY,NO,,,,,,,,,,,,,,,,,,,,,OTHER,,,PUMP,,MATERIAL OTHER THAN CARBON STEEL,PUMP SEAL,,REPORTING-REGULATED GATHERING,NO,,,,YES,NO,NO,,,,,,NO,,,,,,,,,0,100,500,3305,0,0,,3905,0,0,0,0,EQUIPMENT FAILURE,PUMP OR PUMP-RELATED EQUIPMENT,KEVIN PENA,PIPELINE COMPLIANCE COORDINATOR,kevin.pena@truecos.com,4069393133,,,,,"A NIGHT PUMPER (CONTRACTOR WORKING FOR THE OPERATOR) ARRIVED AT THE HAWKINSON/WHITMAN PUMP SITE ON THE NIGHT OF 08/30/22 AT APPROXIMATELY 11:50 PM AND DISCOVERED A PUMP PROBLEM.  THIS SITE OPERATES TWO 50 BBL PUMPS THAT ARE PIPED TOGETHER, ALTHOUGH ONLY ONE PUMP WAS RUNNING AT THE TIME OF THE INCIDENT.      THE CHECK VALVE ON THE DISCHARGE SIDE OF THE INACTIVE PUMP WAS LEAKING AND ALLOWING FLOW THROUGH THE SEAL AND INTO THE SUMP BOX.  THE SUMP RAN OVER, ALLOWING THE OVERFLOW OF APPROXIMATELY 1 BARREL OF OIL ONTO THE GROUND.  OPERATOR PERSONNEL ARRIVED ONSITE THE FOLLOWING DAY AND PROCEEDED WITH CLEANUP.  CONTAMINATED SOIL WAS REMOVED AND DISPOSED OF AT THE SECURE DISPOSAL FACILITY IN KEENE, ND.  THE SEAL AND THE DISCHARGE CHECK VALVE ON THE INACTIVE PUMP WERE BOTH REPLACED, AND NORMAL OPERATIONS RESUMED LATER THAT DAY ON 08/31/22."
143,9/28/2022,2022,20220095,37672,SUPPLEMENTAL FINAL,300,"PLAINS PIPELINE, L.P.","333 CLAY STREET, SUITE 1900",HOUSTON,TX,77002,8/28/2022 18:00,CENTRAL,YES,32.49942,-102.15496,CRUDE OIL,,,25.0,,25.0,NO,,,,,,0,NO,,,,,,0,"LOCAL OPERATING PERSONNEL, INCLUDING CONTRACTORS",,OPERATOR EMPLOYEE,8/29/2022 14:49,ONSHORE,YES,OPERATOR,8/29/2022 15:45,8/29/2022 14:49,,NRC NOTIFICATION NOT REQUIRED,,NO,,,,,,NO,NO,,,0,TX,Not Within a Municipality,MARTIN,NO,PIPELINE RIGHT-OF-WAY,NO,,,,,,,,,,,,,,,,,,,,,PIPE,PIPE BODY,,,8.0,CARBON STEEL,,20.0,REPORTING-REGULATED GATHERING,NO,,,,YES,NO,NO,,,,,,NO,,,,,,,,,46000,2000,1500,66000,0,0,,115500,0,0,0,0,CORROSION FAILURE,INTERNAL CORROSION,NICOLAS A GONZALEZ,SUPERVISOR -  HSE-REGULATORY COMPLIANCE,nagonzalez@paalp.com,7136464376,,NICOLAS A GONZALEZ,nagonzalez@paalp.com,7136464376,"APPROXIMATELY 25 BARRELS OF CRUDE OIL WERE RELEASED FROM THE EBAR TRUCKS TO JOE MABEE 8"" PIPELINE. THE DATE AND TIME OF THE RELEASE (PART A Q4) IS INDICATIVE OF THE EARLIEST POSSIBLE TIME THE RELEASE COULD HAVE STARTED, AS IT WAS THE LAST TIME THE LOCATION HAD BEEN VISITED AND CONFIRMED TO BE NO RELEASE OF CRUDE OIL. THE CAUSE OF THE RELEASE IS ATTRIBUTED TO INTERNAL CORROSION. THE ESTIMATED COST PROVIDED IN THE ""PUBLIC AND NON-OPERATOR PRIVATE PROPERTY DAMAGE"" CATEGORY OF PART D PERTAINS TO A REQUEST BY THE PUBLIC/NON-OPERATOR TO REMEDIATE THE INCIDENT LOCATION USING METHODS THAT ARE MORE STRINGENT THAN THE STATE REQUIRES. TO PREVENT FUTURE RELEASES, PLAINS PLACED A CLAMP ON THE PIPELINE AND WILL BE FURTHER INVESTIGATING REMOVING PORTIONS OF THE PIPELINE FROM SERVICE.  A SUPPLEMENTAL REPORT WILL BE SUBMITTED PENDING FURTHER INVESTIGATIONS INTO THE COSTS ASSOCIATED WITH PUBLIC AND NON-OPERATOR PRIVATE PROPERTY DAMAGE.      SUPPLEMENTAL: AFTER FURTHER INVESTIGATION, COSTS ASSOCIATED WITH THIS INCIDENT ARE NOT EXPECTED TO INCREASE OR DECREASE BY MORE THAN 20%."
144,9/23/2022,2022,20220093,37154,ORIGINAL FINAL,300,"PLAINS PIPELINE, L.P.","333 CLAY STREET, SUITE 1900",HOUSTON,TX,77002,8/26/2022 12:00,CENTRAL,YES,32.51526,-102.15538,CRUDE OIL,,,3.5,,3.5,NO,,,,,,0,NO,,,,,,0,NOTIFICATION FROM PUBLIC,,,8/26/2022 14:43,ONSHORE,NO,,,8/26/2022 20:11,,NRC NOTIFICATION NOT REQUIRED,,NO,,,,,,NO,NO,,,0,TX,Not Within a Municipality,MARTIN,NO,PIPELINE RIGHT-OF-WAY,NO,,,,,,,,,,,,,,,,,,,,,PIPE,PIPE BODY,,,8.0,CARBON STEEL,,20.0,REPORTING-REGULATED GATHERING,NO,,,,YES,NO,NO,,,,,,NO,,,,,,,,,3500,350,1500,35000,0,0,,40350,0,0,0,0,CORROSION FAILURE,INTERNAL CORROSION,NICOLAS GONZALEZ,SUPERVISOR -  HSE-REGULATORY COMPLIANCE,nagonzalez@paalp.com,7136464376,,NICOLAS A GONZALEZ,nagonzalez@paalp.com,7136464376,"APPROXIMATELY 3.5 BARRELS OF CRUDE OIL WERE RELEASED FROM THE EBAR TRUCKS TO JOE MABEE 8"" PIPELINE.  THE DATE AND TIME OF THE RELEASE (PART A Q4) IS INDICATIVE OF THE EARLIEST POSSIBLE TIME THE RELEASE COULD HAVE STARTED, AS IT WAS THE LAST TIME THE LOCATION HAD BEEN INSPECTED AND CONFIRMED TO BE NO RELEASE OF CRUDE OIL.  THE CAUSE OF THE RELEASE IS ATTRIBUTED TO INTERNAL CORROSION.  TO PREVENT FUTURE RELEASES, PLAINS PLACED A CLAMP ON THE PIPELINE AND WILL BE FURTHER INVESTIGATING REMOVING PORTIONS OF THE PIPELINE FROM SERVICE."
145,9/22/2022,2022,20220091,37430,SUPPLEMENTAL FINAL,31888,CENTURION PIPELINE L.P.,1300 MAIN STREET,HOUSTON,TX,77002,8/26/2022 12:00,CENTRAL,YES,31.842466,-101.831653,CRUDE OIL,,,3.0,,3.0,NO,,,,,,0,NO,,,,,,0,"LOCAL OPERATING PERSONNEL, INCLUDING CONTRACTORS",,OPERATOR EMPLOYEE,8/26/2022 12:00,ONSHORE,NO,,,8/26/2022 12:00,,NRC NOTIFICATION NOT REQUIRED,,NO,,,,,,YES,NO,,,0,TX,Not Within a Municipality,MIDLAND,NO,PIPELINE RIGHT-OF-WAY,NO,,,,,,,,,,,,,,,,,,,,,PIPE,PIPE BODY,,,4.0,CARBON STEEL,,0.01,REPORTING-REGULATED GATHERING,NO,,,,YES,NO,YES,,,YES,,,NO,,,,,,,,,0,300,4000,1000,1000,0,,6300,0,0,0,0,CORROSION FAILURE,INTERNAL CORROSION,Y-VAN TY,PIPELINE COMPLIANCE PROGRAM ADVISOR,yvan_ty@centurionpl.com,346-803-2718,,,,,"ON AUGUST 26, 2022, AN CENTURION PIPELINE, L.P. (CPL) EMPLOYEE FOUND A LEAK NEAR CPL'S ""TRACT 1 LACT"" RIGHT-OF-WAY NEAR MIDLAND, IN MIDLAND COUNTY, TEXAS. A CPL EMPLOYEE ARRIVED ON-SITE AND CONFIRMED THE LEAK WAS ON THE ""TRACT 1 LACT"" 4-INCH PIPELINE AT 12:00. TEMPORARY REPAIRS WERE COMPLETED. THREE (3) BARRELS OF CRUDE OIL WAS RELEASED AND RECOVERED DURING THE PROCESS. CPL REMEDIATED THE CONTAMINATED SOIL ON-SITE. NO INJURIES OR FATALITIES OR FIRES WERE ASSOCIATED WITH THIS INCIDENT. CPL'S INVESTIGATION IS STILL PENDING AND A SUPPLEMENTAL REPORT WILL FOLLOW UPON COMPLETION OF THE INVESTIGATION. THE SUPPLEMENTAL REPORT WILL INCLUDE THE ROOT CAUSE OF THE ACCIDENT AND ASSOCIATED P&M MEASURES.    SUPPLEMENTAL FINAL REPORT FILED ON DECEMBER 7, 2022:  DURING THE ROOT CAUSE ANALYSIS, CPL DETERMINED INTERNAL CORROSION DUE TO LOW FLOW RESULTED IN A THROUGH-WALL CORROSION PIT AT THE 4 O'CLOCK POSITION. AFTER REVIEW, IT WAS DETERMINED THAT THE SEGMENT WOULD BE DISCONNECTED AND WILL NO LONGER BE USED. SEGMENT HAS BEEN DISCONNECTED AND NO FURTHER ACTIONS ARE REQUIRED."
146,9/6/2022,2022,20220081,37749,SUPPLEMENTAL FINAL,40149,"WESTERN REFINING LOGISTICS, LP",1515 ARAPAHOE STREET SUITE 1600,DENVER,CO,80202,8/25/2022 14:00,MOUNTAIN,NO,32.13572363,-103.611535,CRUDE OIL,,,10.0,,10.0,NO,,,,,,0,NO,,,,,,0,"LOCAL OPERATING PERSONNEL, INCLUDING CONTRACTORS",,OPERATOR EMPLOYEE,8/25/2022 14:00,ONSHORE,NO,,,8/25/2022 14:00,8/25/2022 14:05,1345540,1345707,NO,,,,,,NO,NO,,,0,NM,Not Within a Municipality,LEA,YES,"ORIGINATED ON OPERATOR-CONTROLLED PROPERTY, BUT THEN FLOWED OR MIGRATED OFF THE PROPERTY",NO,,,,,,,,,,,,,,,,,,,,,OTHER,,,NIPPLE UNDER TRV,,CARBON STEEL,,0.01,REPORTING-REGULATED GATHERING,NO,,,,YES,NO,NO,,,,,,NO,,,,,,,,,0,928,100,0,121191,0,,122219,0,0,0,0,EQUIPMENT FAILURE,THREADED CONNECTION/COUPLING FAILURE,KEITH NORRIS,PIPELINE COMPLIANCE,wknorris@mplx.com,15053600834,,TONY MINUTILLO,tminutillo@mplx.com,3034893275,"THE RELEASE WAS IDENTIFIED BY OPERATIONS AT 14:00 MT AND STOPPED AT 1403 MT BY ISOLATING THE TRV (THERMAL RELIEF).     THE ESTIMATED AMOUNT OF CRUDE RELEASED IS 14 BARRELS DUE TO A CRACKED THREAD IN A 1"" NIPPLE.    AT 14:35, THE CONTROL ROOM WAS TOLD THAT FLOW COULD RESUME, MEANING THE LINE WAS DOWN FOR APPROXIMATELY 32 MINUTES."