,REPORT_RECEIVED_DATE,IYEAR,REPORT_NUMBER,SUPPLEMENTAL_NUMBER,REPORT_TYPE,OPERATOR_ID,NAME,OPERATOR_STREET_ADDRESS,OPERATOR_CITY_NAME,OPERATOR_STATE_ABBREVIATION,OPERATOR_POSTAL_CODE,LOCAL_DATETIME,TIME_ZONE,DAYLIGHT_SAVINGS_IND,LOCATION_LATITUDE,LOCATION_LONGITUDE,COMMODITY_RELEASED_TYPE,COMMODITY_SUBTYPE,COMMODITY_DETAILS,UNINTENTIONAL_RELEASE_BBLS,INTENTIONAL_RELEASE_BBLS,RECOVERED_BBLS,FATALITY_IND,NUM_EMP_FATALITIES,NUM_CONTR_FATALITIES,NUM_ER_FATALITIES,NUM_WORKER_FATALITIES,NUM_GP_FATALITIES,FATAL,INJURY_IND,NUM_EMP_INJURIES,NUM_CONTR_INJURIES,NUM_ER_INJURIES,NUM_WORKER_INJURIES,NUM_GP_INJURIES,INJURE,ACCIDENT_IDENTIFIER,ACCIDENT_DETAILS,OPERATOR_TYPE,INCIDENT_IDENTIFIED_DATETIME,ON_OFF_SHORE,COMMUNICATION_STATE_FED_IND,PARTY_INITIATED_COMMUNICATION,INITIAL_RESPONDER_COM_DATETIME,ON_SITE_DATETIME,NRC_RPT_DATETIME,NRC_RPT_NUM,ADDITIONAL_NRC_REPORT_NUMBERS,IGNITE_IND,IGNITE_DATETIME,HOW_EXTINGUISHED,HOW_EXTINGUISHED_OTHER_DETAIL,PRODUCT_CONSUMED_BY_FIRE_BBLS,EXPLODE_IND,OIL_SPILL_RESP_PLAN_IND,OSRO_MOBILIZED_IND,OSRO_OPERATOR_NOTIFIED_DT,OSRO_ARRIVED_ON_SITE_DT,NUM_PUB_EVACUATED,ONSHORE_STATE_ABBREVIATION,ONSHORE_CITY_NAME,ONSHORE_COUNTY_NAME,FEDERAL,LOCATION_TYPE,CROSSING,BRIDGE_CROSSING_IND,BRIDGE_TYPE,RAILROAD_CROSSING_IND,RAILROAD_TYPE,ROAD_CROSSING_IND,ROAD_TYPE,WATER_CROSSING_IND,WATER_TYPE,WATER_NAME,WATER_DEPTH,WATER_SUBTYPE,YEAR_RECENT_ENG_EVALUATION,OFF_ACCIDENT_ORIGIN,OFFSHORE_STATE_ABBREVIATION,OFF_INSTATE_AREA,OFF_INSTATE_BLOCK,OFFSHORE_COUNTY_NAME,OCS_TYPE,OFF_OCS_AREA,OFF_OCS_BLOCK,ITEM_INVOLVED,PIPE_TYPE,JOINT_SUBTYPE,ITEM_INVOLVED_DETAILS,PIPE_DIAMETER,MATERIAL_INVOLVED,MATERIAL_DETAILS,PERCENT_PIPE_SMYS,CLASSIFICATION_PIPELINE_SYSTEM,WILDLIFE_IMPACT_IND,FISH_AQUATIC_IMPACT_IND,BIRDS_IMPACT_IND,TERRESTRIAL_IMPACT_IND,SOIL_CONTAMINATION,LONG_TERM_ASSESSMENT,REMEDIATION_IND,SURFACE_WATER_REMED_IND,GROUNDWATER_REMED_IND,SOIL_REMED_IND,VEGETATION_REMED_IND,WILDLIFE_REMED_IND,WATER_CONTAM_IND,OCEAN_SEAWATER_IND,SURFACE_CONTAM_IND,GROUNDWATER_CONTAM_IND,DRINKING_WATER_CONTAM_IND,PRIVATE_WELL_CONTAM_IND,PUBLIC_WATER_CONTAM_IND,AMOUNT_RELEASED_BBLS,REL_WATER_NAME,EST_COST_OPER_PAID,EST_COST_GAS_RELEASED,EST_COST_PROP_DAMAGE,EST_COST_EMERGENCY,EST_COST_ENVIRONMENTAL,EST_COST_OTHER,EST_COST_OTHER_DETAILS,PRPTY,NUM_PERSONS_HOSP_NOT_OVNGHT,NUM_INJURED_TREATED_BY_EMT,NUM_RESIDENT_BUILDING_AFFCTD,NUM_BUSINESS_BUILDING_AFFCTD,CAUSE,CAUSE_DETAILS,PREPARER_NAME,PREPARER_TITLE,PREPARER_EMAIL,PREPARER_TELEPHONE,PREPARER_FAX,LOCAL_CONTACT_NAME,LOCAL_CONTACT_EMAIL,LOCAL_CONTACT_TELEPHONE,NARRATIVE
157,8/29/2022,2022,20220079,37044,ORIGINAL FINAL,32296,TARGA RESOURCES OPERATING LLC,811 LOUISIANA ST SUITE 2100,HOUSTON ,TX,77002,8/1/2022 18:21,MOUNTAIN,YES,47.721649,-102.883233,CRUDE OIL,,,5.0,,5.0,NO,,,,,,0,NO,,,,,,0,OTHER,PRODUCER,,8/1/2022 15:00,ONSHORE,YES,OPERATOR,8/1/2022 18:21,8/1/2022 16:00,8/1/2022 18:21,1343264,1343425,NO,,,,,,NO,NO,,,0,ND,WATFORD CITY,MCKENZIE,NO,TOTALLY CONTAINED ON OPERATOR-CONTROLLED PROPERTY,NO,,,,,,,,,,,,,,,,,,,,,PIPE,PIPE BODY,,,4.5,CARBON STEEL,,3.65,REPORTING-REGULATED GATHERING,NO,,,,YES,NO,YES,,,YES,,,NO,,,,,,,,,0,400,60000,0,15000,0,,75400,0,0,0,0,CORROSION FAILURE,EXTERNAL CORROSION,BRYAN ROBISON,PIPELINE COMPLIANCE SPECIALIST,brobison@targaresources.com,8179440617,,BRYAN ROBISON,brobison@targaresources.com,8179440617,"TARGA WAS NOTIFIED BY PRODUCER OF POTENTIAL RELEASE ON PRODUCTION WELL PAD AT APPROXIMATELY 15:00 ON 8/1/22. TARGA PERSONNEL RESPONDED AND ARRIVED ON LOCATION AT APPROXIMATELY 16:00 ON 8/1/22.TARGA PERSONNEL IDENTIFIED AREA OF RELEASE AND DETERMINED IT WAS A TARGA PIPELINE. TARGA PERSONNEL SHUT UPSTREAM AND DOWNSTREAM VALVES TO ISOLATE SOURCES OF PRODUCT. ONCE SOURCE WAS ISOLATED, ESH WAS NOTIFIED WHERE COST OF REMEDIATION WAS THEN ESTIMATED TO EXCEED THRESHOLD FOR REPORTING CRITERIA. CONFIRMED DISCOVERY AT THAT POINT WAS 18:21 ON 8/1/22 AND NOTIFICATIONS WERE IMMEDIATELY MADE TO STATE AND FEDERAL AGENCIES. PIPELINE WAS EXPOSED AND EXTERNAL CORROSION DETERMINED TO BE ROOT CAUSE OF RELEASE. SECTION OF PIPELINE WAS CUT OUT, REPLACED, PRESSURE TESTED, AND RETURNED TO SERVICE."
158,9/6/2022,2022,20220080,37077,ORIGINAL FINAL,40149,MPLX LP,1515 ARAPAHOE STREET SUITE 1600,DENVER,CO,80202,8/1/2022 11:07,MOUNTAIN,NO,32.11963,-103.45723,CRUDE OIL,,,29.0,,29.0,NO,,,,,,0,NO,,,,,,0,"SCADA-BASED INFORMATION (SUCH AS ALARM(S), ALERT(S), EVENT(S), AND/OR VOLUME OR PACK CALCULATIONS)",,,7/27/2022 6:50,ONSHORE,NO,,,7/27/2022 7:17,8/1/2022 11:07,1343196,1343863,NO,,,,,,YES,NO,,,0,NM,Not Within a Municipality,LEA,YES,TOTALLY CONTAINED ON OPERATOR-CONTROLLED PROPERTY,NO,,,,,,,,,,,,,,,,,,,,,OTHER,,,PUMP,,MATERIAL OTHER THAN CARBON STEEL,PUMP SEAL PACKING,,REPORTING-REGULATED GATHERING,NO,,,,YES,NO,NO,,,,,,NO,,,,,,,,,2110,883,300,0,119890,0,,123183,0,0,0,0,EQUIPMENT FAILURE,PUMP OR PUMP-RELATED EQUIPMENT,KEITH NORRIS,PIPELINE COMPLIANCE,wknorris@mplx.com,15053600834,,TONY MINUTILLO,tminutillo@mplx.com,303-489-3275,"ON 7/27/22 6:50 AM MT. UPON START-UP OF MULTIPLE CTBS, THE CONTROL ROOM RECEIVED A LEAK ALARM AT CTB130 (32 LATERAL). AFTER INVESTIGATING, THE  CONTROL ROOM SHUT DOWN THE LINE AT 7:10 AND REQUESTED THE FIELD OPERATOR TO VERIFY A POTENTIAL RELEASE. AT 7:17 AM, OPERATIONS ARRIVED AT CTB 130 AND  CONFIRMED RELEASE.    UPON FURTHER INVESTIGATION, THE OPERATOR IDENTIFIED THAT A PACKING NUT BACKED OFF, ALLOWING CRUDE OIL TO RELEASE TO THE GROUND. THE FREE LIQUIDS WERE  CLEANED UP FROM THE SUMP, PUMP SKID, AND THE GROUND. THE PUMP WAS REPLACED WITH ONE FROM INVENTORY.    ON 7/27/22 AT 17:07, THE LACK UNIT WAS RESTARTED, AND AT 17:12, A STEADY STATE WAS REACHED. FLOW RATES AND PRESSURES LOOK GOOD."
159,8/25/2022,2022,20220078,37026,ORIGINAL FINAL,30829,ENTERPRISE CRUDE PIPELINE LLC,1100 LOUISIANA STREET,HOUSTON,TX,77002,7/29/2022 13:00,CENTRAL,YES,31.5805,-103.465944,CRUDE OIL,,,240.0,,240.0,NO,,,,,,0,NO,,,,,,0,NOTIFICATION FROM THIRD PARTY THAT CAUSED THE ACCIDENT,,,7/29/2022 12:45,ONSHORE,NO,,,7/29/2022 13:30,,NRC NOTIFICATION NOT REQUIRED,,NO,,,,,,YES,YES,7/29/2022 13:30,7/29/2022 16:30,0,TX,Not Within a Municipality,WARD,NO,PIPELINE RIGHT-OF-WAY,NO,,,,,,,,,,,,,,,,,,,,,PIPE,PIPE BODY,,,8.625,CARBON STEEL,,0.24,REPORTING-REGULATED GATHERING,NO,,,,YES,NO,NO,,,,,,NO,,,,,,,,,0,22800,300000,65000,0,0,,387800,0,0,0,0,EXCAVATION DAMAGE,EXCAVATION DAMAGE BY THIRD PARTY,YAROSLAV BIL,PIPELINE COMPLIANCE ENGINEER,ybil@eprod.com,713-381-5650,,YAROSLAV BIL,ybil@eprod.com,713-381-5650,"ON 7/29/2022 AT 13:00 CST, ENTERPRISE CONTROL CENTER WAS NOTIFIED BY THIRD PARTY THAT A LINE STRIKE OCCURRED ON PIPELINE C103, 4.5 MILES DOWNSTREAM OF TALLADEGA STATION DURING AN EXCAVATION. THE FIELD TECHNICIAN IMMEDIATELY CALLED THE MIDLAND CONTROL CENTER AND HAD ALL FIELD GATHERING CONNECTIONS THAT FEED INTO C103 SHUTDOWN. IT WAS DETERMINED THAT THIRD PARTY DID NOT PLACE A ONE CALL TICKET FOR THE DIG RESULTING IN 240 BARRELS OF CRUDE OIL ON THE GROUND. THE DAMAGED SEGMENT OF PIPE WAS ISOLATED AND REPLACED. ALL CRUDE HAS BEEN REMEDIATED FROM LEAK SITE."
160,8/22/2022,2022,20220077,37007,ORIGINAL FINAL,31878,BRIDGER PIPELINE LLC,455 N. POPLAR ST.,CASPER,WY,82602,7/24/2022 7:52,CENTRAL,YES,48.051815,-103.114422,CRUDE OIL,,,1.5,,1.5,NO,,,,,,0,NO,,,,,,0,"LOCAL OPERATING PERSONNEL, INCLUDING CONTRACTORS",,OPERATOR EMPLOYEE,7/24/2022 7:52,ONSHORE,NO,,,7/24/2022 8:30,,NRC NOTIFICATION NOT REQUIRED,,NO,,,,,,YES,NO,,,0,ND,Not Within a Municipality,MCKENZIE COUNTY,NO,TOTALLY CONTAINED ON OPERATOR-CONTROLLED PROPERTY,NO,,,,,,,,,,,,,,,,,,,,,OTHER,,,CHECK VALVE,,MATERIAL OTHER THAN CARBON STEEL,VALVE,,REPORTING-REGULATED GATHERING,NO,,,,YES,NO,NO,,,,,,NO,,,,,,,,,0,140,2862,792,0,0,,3794,0,0,0,0,EQUIPMENT FAILURE,PUMP OR PUMP-RELATED EQUIPMENT,KEVIN PENA,PIPELINE COMPLIANCE COORDINATOR,kevin.pena@truecos.com,4069393133,,,,,"AT APPROXIMATELY 7:52 AM ON 07/24/2022, LOCAL OPERATOR PERSONNEL ARRIVED AT THE WELL SITE AND IDENTIFIED THE RELEASE.  THE PUMP, PIPING, AND ELECTRICAL ON SITE WERE ALL LOCKED AND TAGGED OUT, AND INITIAL NOTIFICATIONS WERE MADE.  AT APPROXIMATELY 8:30 AM, THE FIELD SUPERVISOR ARRIVED ON SITE.  SOME STANDING OIL WAS FOUND UNDER THE PUMP SKID AND SOAKED INTO THE SURROUNDING SOIL.  NO OIL HAD LEFT THE PUMP CONTAINMENT.    A MAINLINE 4"" CHECK VALVE AND A 2"" WAFER CHECK WERE BOTH FOUND TO BE NOT SEATING CORRECTLY, WHICH ALLOWED FLOW BACK INTO THE PUMP SUMP, AND EVENTUALLY RELEASED TO THE SURROUNDING SOIL.  THE SITE REMAINED LOCKED OUT UNTIL 07/25/22, WHEN A 3RD PARTY CONTRACTOR ARRIVED TO REMOVE THE PUMP SKID AND CONTAMINATED SOIL.  THE FAULTY 4"" CHECK VALVE WAS REPAIRED, WHILE THE FAULTY 2"" WAFER CHECK WAS REMOVED AND REPLACED WITH A NEW CHECK PRIOR TO RECONNECTING THE PUMP SKID AND PUTTING THE LOCATION BACK IN SERVICE.    CONTAMINATED SOIL WAS REMOVED AND REPLACED WITH CLEAN SOIL.  THE CONTAINMENT BERM WAS REBUILT, AND SCORIA WAS PLACED ON TOP OF THE FRESH SOIL.  CONTAMINATED SOIL WAS REMOVED AND DISPOSED OF IN ACCORDANCE WITH NDDEQ REQUIREMENTS."
161,8/21/2022,2022,20220076,37076,SUPPLEMENTAL FINAL,31878,BRIDGER PIPELINE LLC,455 N. POPLAR ST.,CASPER,WY,82602,7/22/2022 7:00,MOUNTAIN,YES,44.765308,-105.568442,CRUDE OIL,,,1.0,,1.0,NO,,,,,,0,NO,,,,,,0,OTHER,THIRD PARTY PRODUCTION EMPLOYEE,,7/22/2022 7:00,ONSHORE,NO,,,7/22/2022 9:00,,NRC NOTIFICATION NOT REQUIRED,,NO,,,,,,YES,NO,,,0,WY,Not Within a Municipality,CAMPBELL,NO,PIPELINE RIGHT-OF-WAY,NO,,,,,,,,,,,,,,,,,,,,,OTHER,,,FLANGE GASKET,,CARBON STEEL,,22.75,REPORTING-REGULATED GATHERING,NO,,,,YES,NO,NO,,,,,,NO,,,,,,,,,0,95,203,3250,0,0,,3548,0,0,0,0,EQUIPMENT FAILURE,NON-THREADED CONNECTION FAILURE,DOUG THACKER,COMPLIANCE COORDINATOR,doug.thacker@truecos.com,,,,,,"ON 07/22/2022 AT APPROXIMATELY 7:00 A.M. MDT, A THIRD PARTY PRODUCTION EMPLOYEE CALLED A COMPANY FIELD SUPERVISOR TO REPORT THE LAUNCHER ON THE CAMP CREEK TO PRAIRIE CREEK 6"" PIPELINE WAS LEAKING.  THE FIELD SUPERVISOR AND TWO OTHER COMPANY EMPLOYEES RESPONDED TO THE SITE WITH EQUIPMENT TO STOP THE LEAK, CONTAIN IT AND REMOVE ANY CONTAMINATED SOIL.  UPON ARRIVING AT THE SITE THE FIELD SUPERVISOR DETERMINED A FLANGE GASKET WAS LEAKING ON THE LAUNCHER.  THE LAUNCHER WAS ISOLATED AND THE FAILED GASKET WAS REMOVED AND REPLACED.    NO SURFACE WATER, GROUND WATER, OR WILDLIFE WAS IMPACTED BY THE RELEASE; HOWEVER, THERE WAS A SMALL AREA OF CONTAMINATED SOIL/GRAVEL AROUND THE LAUNCHER.  ALL OF THE CONTAMINATED SOIL/GRAVEL WAS REMOVED AND REPLACED WITH CLEAN MATERIAL.  THE CONTAMINATED SOIL/GRAVEL WAS TRANSPORTED TO THE DONKEY CREEK STATION TO BE STOCKPILED AND MANAGED IN ACCORDANCE WITH WYOMING DEQ REQUIREMENTS.     SINCE THE RELEASE DID NOT MEET STATE OR NRC REPORTING REQUIREMENTS, NO NOTIFICATIONS WERE MADE TO STATE AGENCIES OR THE NRC."
162,8/9/2022,2022,20220072,36960,ORIGINAL FINAL,39147,"ENABLE GAS GATHERING, LLC",1300 MAIN STREET,HOUSTON,TX,77002,7/20/2022 6:40,CENTRAL,YES,34.752201,-97.617851,CRUDE OIL,,,250.0,,250.0,NO,,,,,,0,NO,,,,,,0,OTHER,SEPARATE OPERATOR EMPLOYEE,,7/20/2022 6:20,ONSHORE,YES,OPERATOR,7/20/2022 7:33,7/20/2022 6:20,,NRC NOTIFICATION NOT REQUIRED,,NO,,,,,,YES,YES,7/20/2022 8:20,7/20/2022 12:50,0,OK,LINDSAY,GARVIN,NO,"ORIGINATED ON OPERATOR-CONTROLLED PROPERTY, BUT THEN FLOWED OR MIGRATED OFF THE PROPERTY",NO,,,,,,,,,,,,,,,,,,,,,OTHER,,,PIPE NIPPLE,,CARBON STEEL,,0.13,REPORTING-REGULATED GATHERING,NO,,,,YES,NO,YES,,,YES,,,NO,,,,,,,,,1500,0,15000,9800,10000,0,,36300,0,0,0,0,EQUIPMENT FAILURE,THREADED CONNECTION/COUPLING FAILURE,TODD NARDOZZI,DIRECTOR - REGULATORY COMPLIANCE,todd.nardozzi@energytransfer.com,713-989-7126,,,,,"ON 7/20/22 AT APPROXIMATELY 06:20, COMPANY PERSONNEL WERE NOTIFIED BY A 3RD PARTY DRIVER ABOUT A LEAK AT THE HARD KNOX STATION. THE STATION WAS IMMEDIATELY SHUTDOWN AND CLEAN-UP OPERATIONS COMMENCED. APPROXIMATELY 250 BARRELS WAS RELEASED AND PRODUCT TRAVELLED OFF SITE, IMPACTING A DRY CREEK BED. THE FAILED SCHEDULE 80 WALL PIPE NIPPLE WAS REMOVED AND AND REPLACED WITH A SCHEDULE 160 WALL PIPE NIPPLE."
163,8/17/2022,2022,20220075,36987,ORIGINAL FINAL,300,"PLAINS PIPELINE, L.P.","333 CLAY STREET, SUITE 1900",HOUSTON,TX,77002,7/17/2022 14:30,MOUNTAIN,YES,32.2315754,-103.5578417,CRUDE OIL,,,12.9,,12.9,NO,,,,,,0,NO,,,,,,0,NOTIFICATION FROM PUBLIC,,,7/18/2022 11:35,ONSHORE,YES,OPERATOR,7/19/2022 13:03,7/18/2022 11:50,,NRC NOTIFICATION NOT REQUIRED,,NO,,,,,,NO,NO,,,0,NM,Not Within a Municipality,LEA,NO,PIPELINE RIGHT-OF-WAY,NO,,,,,,,,,,,,,,,,,,,,,PIPE,PIPE BODY,,,6.0,CARBON STEEL,,11.47,REPORTING-REGULATED GATHERING,NO,,,,YES,NO,NO,,,,,,NO,,,,,,,,,0,1300,7000,21300,0,0,,29600,0,0,0,0,CORROSION FAILURE,INTERNAL CORROSION,NICOLAS GONZALEZ,HSE COMPLIANCE SPECIALIST,nagonzalez@paalp.com,7136464376,,NICOLAS GONZALEZ,nagonzalez@paalp.com,7136464376,"APPROXIMATELY 12.9 BARRELS OF CRUDE OIL WERE RELEASED FROM THE EOG NEPTUNE 6"" PIPELINE. THE DATE AND TIME OF THE RELEASE (PART A Q4) IS INDICATIVE OF THE EARLIEST POSSIBLE TIME THE RELEASE COULD HAVE STARTED, AS IT WAS THE LAST TIME THE LOCATION HAD BEEN VISITED AND CONFIRMED TO BE NO RELEASE OF CRUDE OIL.  THE CAUSE OF THE RELEASE IS ATTRIBUTED TO INTERNAL CORROSION. TO PREVENT FUTURE RELEASES, PLAINS REPLACED THE SECTION OF PIPE THAT FAILED AND IS FURTHER INVESTIGATING SCHEDULING IN-LINE TOOL RUNS."
164,8/9/2022,2022,20220071,36959,SUPPLEMENTAL FINAL,32619,"HILAND CRUDE, LLC","1001 LOUISIANA ST, SUITE 1000",HOUSTON,TX,77002,7/17/2022 11:30,CENTRAL,YES,48.1512636,-103.4881197,CRUDE OIL,,,77.0,,77.0,NO,,,,,,0,NO,,,,,,0,"LOCAL OPERATING PERSONNEL, INCLUDING CONTRACTORS",,OPERATOR EMPLOYEE,7/17/2022 11:30,ONSHORE,NO,,,7/17/2022 11:30,,NRC NOTIFICATION NOT REQUIRED,,NO,,,,,,NO,NO,,,0,ND,WILLISTON,WILLIAMS,NO,TOTALLY CONTAINED ON OPERATOR-CONTROLLED PROPERTY,NO,,,,,,,,,,,,,,,,,,,,,OTHER,,,SUCTION DAMPENER FAILED ON 100 HP PUMP,,CARBON STEEL,,0.01,REPORTING-REGULATED GATHERING,NO,,,,NO,NO,NO,,,,,,NO,,,,,,,,,0,0,920,0,0,10000,CLEAN-UP OF CONTAINMENT AREA,10920,0,0,0,0,EQUIPMENT FAILURE,PUMP OR PUMP-RELATED EQUIPMENT,KENNETH C PETERS,SENIOR PIPELINE ENGINEER,ken_peters@kindermorgan.com,2058076163,2053253729,PAUL WALKER,paul_walker@kindermorgan.com,7017130780,"ON JULY 17, 2022, AT 11:30 AM LOCAL TIME (CDT), HILAND CRUDE, LLC OPERATIONS PERSONNEL DISCOVERED A 77 BBL. CRUDE OIL SPILL THAT RESULTED WHEN A SUCTION DAMPENER FAILED ON A 100 HP PUMP.  THE CRUDE OIL WAS COMPLETELY CONTAINED IN THE PRODUCER'S POLY-LINED CONTAINMENT AREA.  THE PUMP SUCTION DAMPENER WAS REPLACED JULY 18, 2022, AND THE FACILITY WAS PLACED BACK INTO SERVICE, RESUMING NORMAL OPERATIONS.  CLEAN-UP OF THE CONTAINMENT AREA WAS COMPLETED AUGUST 2, 2022.  AS THIS EVENT RESULTED FROM AN EQUIPMENT FAILURE RESULTING IN A SPILL OF CRUDE GREATER THAN 5 GALLONS, IT REMAINS REPORTABLE PURSUANT TO PART 195.15 AND 195.50."
165,8/10/2022,2022,20220073,36964,ORIGINAL FINAL,31878,BRIDGER PIPELINE LLC,455 N. POPLAR ST.,CASPER,WY,82602,7/17/2022 7:00,MOUNTAIN,YES,46.862064,-104.673756,CRUDE OIL,,,0.5,,0.5,NO,,,,,,0,NO,,,,,,0,"LOCAL OPERATING PERSONNEL, INCLUDING CONTRACTORS",,OPERATOR EMPLOYEE,7/17/2022 7:30,ONSHORE,NO,,,7/17/2022 8:30,,NRC NOTIFICATION NOT REQUIRED,,NO,,,,,,NO,NO,,,0,MT,Not Within a Municipality,DAWSON,YES,TOTALLY CONTAINED ON OPERATOR-CONTROLLED PROPERTY,NO,,,,,,,,,,,,,,,,,,,,,OTHER,,,PUMP ROD,,MATERIAL OTHER THAN CARBON STEEL,CERAMIC PUMP ROD,,REPORTING-REGULATED GATHERING,NO,,,,YES,NO,NO,,,,,,NO,,,,,,,,,0,100,600,3500,0,0,,4200,0,0,0,0,EQUIPMENT FAILURE,PUMP OR PUMP-RELATED EQUIPMENT,KEVIN PENA,PIPELINE COMPLIANCE COORDINATOR,kevin.pena@truecos.com,4069393133,,KEVIN PENA,kevin.pena@truecos.com,4069393133,"AN OPERATOR EMPLOYEE WAS VISITING THE SITE AS PART OF THEIR ROUTINE TRAVELS ON 07/17/22 WHEN THE RELEASE WAS IDENTIFIED.  THE EMPLOYEE LOCKED OUT THE EQUIPMENT AND VALVES ON THE SITE, THEN IDENTIFIED THE CAUSE AND NOTIFIED THE FIELD AND AREA SUPERVISORS AT APPROXIMATELY 09:00 ON 07/17/22.  ADDITIONAL PERSONNEL ARRIVED ON SITE AND BEGAN TO REMOVE THE IMPACTED SOIL.  FURTHER INSPECTION OF THE PUMP IDENTIFIED 2 CERAMIC RODS/PLUNGERS THAT HAD CRACKED AND LEAKED OIL INTO THE SUMP.  THESE RODS/PLUNGERS WERE REPLACED AND THE FACILITY WAS RETURNED TO SERVICE ON 07/19/22.  THE IMPACTED SOILS WERE REMOVED FROM THE SITE AND WILL BE DISPOSED OF IN ACCORDANCE WITH MT DEQ PROCEDURES."
166,8/16/2022,2022,20220074,37210,SUPPLEMENTAL FINAL,15851,"DELEK MARKETING AND SUPPLY, LP",12700 PARK CENTRAL DRIVE SUITE 700,DALLAS,TX,75251,7/16/2022 20:00,MOUNTAIN,NO,32.542334,-103.525765,CRUDE OIL,,,4.0,,0.0,NO,,,,,,0,NO,,,,,,0,"LOCAL OPERATING PERSONNEL, INCLUDING CONTRACTORS",,CONTRACTOR WORKING FOR THE OPERATOR,7/16/2022 20:00,ONSHORE,YES,OPERATOR,7/16/2022 20:00,7/16/2022 20:00,7/16/2022 20:00,0,,YES,7/16/2022 20:00,LOCAL/STATE/FEDERAL EMERGENCY RESPONDER,,4.0,NO,NO,NO,,,0,NM,HOBBS,LEA,NO,TOTALLY CONTAINED ON OPERATOR-CONTROLLED PROPERTY,NO,,,,,,,,,,,,,,,,,,,,,OTHER,,,PUMP,,MATERIAL OTHER THAN CARBON STEEL,SS,,REPORTING-REGULATED GATHERING,NO,,,,NO,NO,NO,,,,,,NO,,,,,,,,,0,0,80000,0,0,20000,PUMP REPLACEMENT AND CLEAN UP COSTS.,100000,0,0,0,0,EQUIPMENT FAILURE,PUMP OR PUMP-RELATED EQUIPMENT,CANDACE NORRIS,REGULATORY AFFAIRS AND COMPLIANCE SPECIALIST,candace.norris@delekus.com,,,,,,"AT 8:00 A.M. (MST) ON JULY 16, 2022, A FIRE WAS DISCOVERED AT LIBBY IN NEW MEXICO BY DELEK LOCAL FILED PERSONNEL AND CONTRACTORS. THE LOCAL FIRE DEPARTMENT WAS IMMEDIATELY CONTACTED, ARRIVED ONSITE AND THE FIRE WAS EXTINGUISHED. THE FIRE WAS CONFINED TO THE OPERATOR PROPERTY. THE ACCIDENT INVOLVED A CRUDE OIL SKID PUMP. NO OIL WAS OBSERVED ON THE PUMP SKID NOR ON THE GROUND, AS IT WAS ALL CONSUMED IN THE FIRE AT THE PUMP. THERE WERE NO FATALITIES OR INJURIES. UPON INVESTIGATION, THE IDENTIFIED FAILURE SOURCE WAS SEIZURE OF THE SKID PUMP CAUSING THE SHAFT TO BREAK AND THE PUMP SEAL TO BE COMPROMISED. VIBRATION WAS THE CAUSE FOR THE SEAL FAILURE. THE PUMP WAS RECONFIGURED TO PREVENT VIBRATION AND REPLACED WITH ANOTHER VERSION. REMEDIATION AND REPAIRS WERE COMPLETED, AND THE STATION WAS PLACED BACK IN SERVICE."
167,8/5/2022,2022,20220070,37269,SUPPLEMENTAL FINAL,4461,"EOG RESOURCES, INC",1111 BAGBY ST. SKY LOBBY 2,HOUSTON,TX,77002,7/6/2022 10:00,CENTRAL,YES,29.217,-97.5979,CRUDE OIL,,,100.0,,100.0,NO,,,,,,0,NO,,,,,,0,"SCADA-BASED INFORMATION (SUCH AS ALARM(S), ALERT(S), EVENT(S), AND/OR VOLUME OR PACK CALCULATIONS)",,,7/6/2022 10:00,ONSHORE,NO,,,7/6/2022 10:00,,NRC NOTIFICATION NOT REQUIRED,,NO,,,,,,NO,NO,,,0,TX,Not Within a Municipality,GONZALES,NO,PIPELINE RIGHT-OF-WAY,NO,,,,,,,,,,,,,,,,,,,,,PIPE,PIPE BODY,,,8.625,CARBON STEEL,,5.66,REPORTING-REGULATED GATHERING,NO,,,,YES,NO,NO,,,,,,NO,,,,,,,,,0,9000,173000,8000,35000,0,,225000,0,0,0,0,CORROSION FAILURE,INTERNAL CORROSION,JARED LANE,PIPELINE FOREMAN,jared_lane@eogresources.com,210-775-8986,,JARED LANE,jared_lane@eogresources.com,210-775-8986,"ON 7/6/22, OPERATOR'S PIPELINE DEPARTMENT FOUND PIPELINE RELEASE ON PIPELINE SEGMENT, SANJAC UNIT B TO SANTANA PL 8"" OG.  PIPELINE DEPARTMENT UTILIZED CONTRACTING EXCAVATOR COMPANY TO EXCAVATE THE RELEASE AREA AND IT WAS DETERMINED THAT 100 BBLS OF SWEET PETROLEUM CRUDE OIL WAS RELEASED FROM BODY OF PIPE DUE TO INTERNAL CORROSION. ALL CONTAMINATED SOIL WAS EXCAVATED AND PLACED ON-SITE FOR BIO-REMEDIATION. CORRODED PIPE HAS BEEN REMOVED AND REMAINING CARBON STEEL PIPE HAS BEEN ABANDONED. NO ADDITIONAL INFORMATION. REPORT IS FINAL."