,REPORT_RECEIVED_DATE,IYEAR,REPORT_NUMBER,SUPPLEMENTAL_NUMBER,REPORT_TYPE,OPERATOR_ID,NAME,OPERATOR_STREET_ADDRESS,OPERATOR_CITY_NAME,OPERATOR_STATE_ABBREVIATION,OPERATOR_POSTAL_CODE,LOCAL_DATETIME,TIME_ZONE,DAYLIGHT_SAVINGS_IND,LOCATION_LATITUDE,LOCATION_LONGITUDE,COMMODITY_RELEASED_TYPE,COMMODITY_SUBTYPE,COMMODITY_DETAILS,UNINTENTIONAL_RELEASE_BBLS,INTENTIONAL_RELEASE_BBLS,RECOVERED_BBLS,FATALITY_IND,NUM_EMP_FATALITIES,NUM_CONTR_FATALITIES,NUM_ER_FATALITIES,NUM_WORKER_FATALITIES,NUM_GP_FATALITIES,FATAL,INJURY_IND,NUM_EMP_INJURIES,NUM_CONTR_INJURIES,NUM_ER_INJURIES,NUM_WORKER_INJURIES,NUM_GP_INJURIES,INJURE,ACCIDENT_IDENTIFIER,ACCIDENT_DETAILS,OPERATOR_TYPE,INCIDENT_IDENTIFIED_DATETIME,ON_OFF_SHORE,COMMUNICATION_STATE_FED_IND,PARTY_INITIATED_COMMUNICATION,INITIAL_RESPONDER_COM_DATETIME,ON_SITE_DATETIME,NRC_RPT_DATETIME,NRC_RPT_NUM,ADDITIONAL_NRC_REPORT_NUMBERS,IGNITE_IND,IGNITE_DATETIME,HOW_EXTINGUISHED,HOW_EXTINGUISHED_OTHER_DETAIL,PRODUCT_CONSUMED_BY_FIRE_BBLS,EXPLODE_IND,OIL_SPILL_RESP_PLAN_IND,OSRO_MOBILIZED_IND,OSRO_OPERATOR_NOTIFIED_DT,OSRO_ARRIVED_ON_SITE_DT,NUM_PUB_EVACUATED,ONSHORE_STATE_ABBREVIATION,ONSHORE_CITY_NAME,ONSHORE_COUNTY_NAME,FEDERAL,LOCATION_TYPE,CROSSING,BRIDGE_CROSSING_IND,BRIDGE_TYPE,RAILROAD_CROSSING_IND,RAILROAD_TYPE,ROAD_CROSSING_IND,ROAD_TYPE,WATER_CROSSING_IND,WATER_TYPE,WATER_NAME,WATER_DEPTH,WATER_SUBTYPE,YEAR_RECENT_ENG_EVALUATION,OFF_ACCIDENT_ORIGIN,OFFSHORE_STATE_ABBREVIATION,OFF_INSTATE_AREA,OFF_INSTATE_BLOCK,OFFSHORE_COUNTY_NAME,OCS_TYPE,OFF_OCS_AREA,OFF_OCS_BLOCK,ITEM_INVOLVED,PIPE_TYPE,JOINT_SUBTYPE,ITEM_INVOLVED_DETAILS,PIPE_DIAMETER,MATERIAL_INVOLVED,MATERIAL_DETAILS,PERCENT_PIPE_SMYS,CLASSIFICATION_PIPELINE_SYSTEM,WILDLIFE_IMPACT_IND,FISH_AQUATIC_IMPACT_IND,BIRDS_IMPACT_IND,TERRESTRIAL_IMPACT_IND,SOIL_CONTAMINATION,LONG_TERM_ASSESSMENT,REMEDIATION_IND,SURFACE_WATER_REMED_IND,GROUNDWATER_REMED_IND,SOIL_REMED_IND,VEGETATION_REMED_IND,WILDLIFE_REMED_IND,WATER_CONTAM_IND,OCEAN_SEAWATER_IND,SURFACE_CONTAM_IND,GROUNDWATER_CONTAM_IND,DRINKING_WATER_CONTAM_IND,PRIVATE_WELL_CONTAM_IND,PUBLIC_WATER_CONTAM_IND,AMOUNT_RELEASED_BBLS,REL_WATER_NAME,EST_COST_OPER_PAID,EST_COST_GAS_RELEASED,EST_COST_PROP_DAMAGE,EST_COST_EMERGENCY,EST_COST_ENVIRONMENTAL,EST_COST_OTHER,EST_COST_OTHER_DETAILS,PRPTY,NUM_PERSONS_HOSP_NOT_OVNGHT,NUM_INJURED_TREATED_BY_EMT,NUM_RESIDENT_BUILDING_AFFCTD,NUM_BUSINESS_BUILDING_AFFCTD,CAUSE,CAUSE_DETAILS,PREPARER_NAME,PREPARER_TITLE,PREPARER_EMAIL,PREPARER_TELEPHONE,PREPARER_FAX,LOCAL_CONTACT_NAME,LOCAL_CONTACT_EMAIL,LOCAL_CONTACT_TELEPHONE,NARRATIVE
212,7/18/2022,2022,20220063,36866,ORIGINAL FINAL,18718,SUNOCO PIPELINE L.P.,1300 MAIN STREET,HOUSTON,TX,77002,2/26/2022 12:05,CENTRAL,NO,32.3066,-101.8971,CRUDE OIL,,,0.5,,0.5,NO,,,,,,0,NO,,,,,,0,"LOCAL OPERATING PERSONNEL, INCLUDING CONTRACTORS",,OPERATOR EMPLOYEE,2/26/2022 12:05,ONSHORE,NO,,,2/26/2022 13:00,,NRC NOTIFICATION NOT REQUIRED,,NO,,,,,,NO,NO,,,0,TX,LENORAH,MARTIN,NO,TOTALLY CONTAINED ON OPERATOR-CONTROLLED PROPERTY,NO,,,,,,,,,,,,,,,,,,,,,OTHER,,,POSITIVE DISPLACEMENT PUMP,,MATERIAL OTHER THAN CARBON STEEL,PACKING MATERIAL (838 PACKING),,REPORTING-REGULATED GATHERING,NO,,,,YES,NO,YES,,,YES,,,NO,,,,,,,,,0,46,2000,1000,5000,0,,8046,0,0,0,0,EQUIPMENT FAILURE,PUMP OR PUMP-RELATED EQUIPMENT,CHRISTOPHER PALAFOX,SPECIALIST REGULATORY COMPLIANCE,christopher.palafox@energytransfer.com,713-989-4464,,,,,"ON FEBRUARY 26, 2022, AT APPROXIMATELY 12:05, A CRUDE OIL LEAK OCCURRED FROM A PUMP AT THE RC SMITH STATION, THIS STATION IS LOCATED 1.26 MILES WEST OF LENORAH, TX. THIS PUMP IS A NON-REGULATED GATHERING PUMP THAT DISCHARGES INTO THE 23025 12-INCH RC SMITH TO SUNOCO MIDLAND TERMINAL PIPELINE.    UPON ARRIVAL AT THE STATION, AN EMPLOYEE DISCOVERED A LEAK FROM A PUMP, SECURED THE LEAK AND NOTIFIED OPERATIONS.  A THIRD-PARTY COMPANY WAS CALLED TO CLEAN UP ALL FREE PRODUCT AND REMEDIATE THE SOIL AND A MECHANIC WAS DISPATCHED TO PERFORM REPAIRS ON THE PUMP.    THE CAUSE OF THE LEAK WAS DUE TO THE PACKING ON ONE OF THE PLUNGERS HAD GONE BAD CAUSING THE CRUDE OIL TO FILL THE SEAL BOX AND LEAK APPROXIMATELY .5 BARREL ONTO THE GROUND MEETING THE REPORTING CRITERIA OF OVER 5 GALLONS.    ON FEBRUARY 26, 2022, THE PUMP WAS REPAIRED AND AT APPROXIMATELY 17:30 THE PUMP WAS PUT BACK INTO SERVICE.     TO PREVENT FUTURE LEAKS, ADDITIONAL SITE VISITS, AND VERIFYING PLUNGER BOXES ARE DRAINING. CONTINUE PREVENTATIVE MAINTENANCE DUE TO NON-SEALED PLUNGER BOXES."
213,4/5/2022,2022,20220025,36738,SUPPLEMENTAL FINAL,15851,"DELEK MARKETING AND SUPPLY, LP",12700 PARK CENTRAL DRIVE SUITE 700,DALLAS,TX,75251,2/24/2022 16:33,CENTRAL,NO,32.284269,-101.410268,CRUDE OIL,,,2.0,,2.0,NO,,,,,,0,NO,,,,,,0,"LOCAL OPERATING PERSONNEL, INCLUDING CONTRACTORS",,OPERATOR EMPLOYEE,2/24/2022 16:33,ONSHORE,NO,,,2/24/2022 16:35,,NRC NOTIFICATION NOT REQUIRED,,NO,,,,,,NO,NO,,,0,TX,BIG SPRING,HOWARD,NO,TOTALLY CONTAINED ON OPERATOR-CONTROLLED PROPERTY,NO,,,,,,,,,,,,,,,,,,,,,OTHER,,,PUMP,,MATERIAL OTHER THAN CARBON STEEL,SS,,REPORTING-REGULATED GATHERING,NO,,,,NO,NO,NO,,,,,,NO,,,,,,,,,0,0,0,0,0,2500,OPERATOR CONDUCTED CLEAN-UP.,2500,0,0,0,0,INCORRECT OPERATION,"VALVE LEFT OR PLACED IN WRONG POSITION, BUT NOT RESULTING IN A TANK, VESSEL, OR SUMP/SEPARATOR OVERFLOW OR FACILITY OVERPRESSURE",CANDACE NORRIS,REGULATORY AFFAIRS AND COMPLIANCE SPECIALIST,candace.norris@delekus.com,4322106152,,CANDACE NORRIS,candace.norris@delekus.com,4322106152,"OPERATOR CLOSED DRA VALVE ON A PUMP HOWEVER, DUE TO INCLEMENT WEATHER, FREEZING TEMPERATURES AND ICE BUILD UP AROUND THE SEAT, THE VALVE DID NOT FULLY SEAT RESULTING IN A LOSS OF 2 BBLS OF A DRA AND CRUDE OIL MIX. DURING DEEP FREEZE, FROZEN MATERIAL WAS IN THE VALVE AND DID NOT FULLY SEAT, LEADING OPERATOR TO BELIEVE VALVE WAS CLOSED. THE FAILURE WAS IDENTIFIED BY LOCAL OPERATING PERSONNEL. THE CONTROL CENTER WAS IMMEDIATELY CONTACTED AND THE UNIT SHUTDOWN. THE RELEASED DRA AND CRUDE OIL MIX WAS CONFINED TO OPERATOR PROPERTY, CLEANED UP PROMPTLY AND THE UNIT RESTARTED."
214,3/23/2022,2022,20220020,37624,SUPPLEMENTAL FINAL,18718,SUNOCO PIPELINE L.P.,1300 MAIN STREET,HOUSTON,TX,77002,2/21/2022 14:00,CENTRAL,NO,32.4816,-94.8366,CRUDE OIL,,,10.0,,10.0,NO,,,,,,0,NO,,,,,,0,"LOCAL OPERATING PERSONNEL, INCLUDING CONTRACTORS",,OPERATOR EMPLOYEE,2/21/2022 13:00,ONSHORE,YES,OPERATOR,2/21/2022 14:45,2/21/2022 13:00,,NRC NOTIFICATION NOT REQUIRED,,NO,,,,,,NO,NO,,,0,TX,LONGVIEW,GREGG,NO,TOTALLY CONTAINED ON OPERATOR-CONTROLLED PROPERTY,NO,,,,,,,,,,,,,,,,,,,,,PIPE,PIPE BODY,,,8.0,CARBON STEEL,,15.0,REPORTING-REGULATED GATHERING,NO,,,,YES,NO,NO,,,,,,NO,,,,,,,,,0,1000,6000,30000,0,0,,37000,0,0,0,0,CORROSION FAILURE,INTERNAL CORROSION,TODD NARDOZZI,DIRECTOR - REGULATORY COMPLIANCE,todd.nardozzi@energytransfer.com,713-989-7126,,,,,"ON 02/21/2022, A COMPANY EMPLOYEE WAS DRIVING THROUGH THE TEXOMA FACILITY WHEN HE NOTICED CRUDE OIL LEAKING OUT OF THE BOTTOM OF AN ABOVE GROUND 8-INCH PIPE ASSOCIATED WITH THE 8-INCH LONGVIEW GATHERING 8-INCH MGL GATHERING EXTENSION.  INTERNAL AND EXTERNAL (TXRRC) NOTIFICATIONS WERE MADE AND A TEAM WAS ASSEMBLED TO IMMEDIATELY BEGIN CONTAINMENT AND CLEANUP ACTIVITIES. THE CLEANUP CONSISTED OF VACUUMING UP ALL FREE CRUDE OIL WITH A VAC TRUCK, PUTTING OUT BOOMS TO KEEP PRODUCT FROM MIGRATING OFFSITE, AND EXCAVATING THE CONTAMINATED SOIL. ALL CONTAMINATED SOIL AND MATERIALS WERE PROPERLY DISPOSED OF. THE FAILED SECTION OF PIPE WAS PIPE CUT, EXAMINED TO CONFIRM INTERNAL CORROSION, BLOWN DRY, CAPPED AND PERMANENTLY REMOVED FROM SERVICE."
215,3/3/2022,2022,20220015,37052,SUPPLEMENTAL FINAL,39649,"IRONWOOD MIDSTREAM ENERGY PARTNERS, LLC","15727 ANTHEM PARKWAY, SUITE 510",SAN ANTONIO,TX,78249,2/20/2022 15:16,CENTRAL,YES,28.560215,-99.156852,CRUDE OIL,,,0.48,,0.36,NO,,,,,,0,NO,,,,,,0,"LOCAL OPERATING PERSONNEL, INCLUDING CONTRACTORS",,CONTRACTOR WORKING FOR THE OPERATOR,2/20/2022 11:30,ONSHORE,NO,,,2/20/2022 15:30,,NRC NOTIFICATION NOT REQUIRED,,NO,,,,,,YES,NO,,,0,TX,COTULLA,LA SALLE,NO,TOTALLY CONTAINED ON OPERATOR-CONTROLLED PROPERTY,NO,,,,,,,,,,,,,,,,,,,,,OTHER,,,PUMP,,MATERIAL OTHER THAN CARBON STEEL,STAINLESS STEEL,,REPORTING-REGULATED GATHERING,NO,,,,YES,YES,YES,,,YES,,,NO,,,,,,,,,0,15,300,500,3000,0,,3815,0,0,0,0,EQUIPMENT FAILURE,PUMP OR PUMP-RELATED EQUIPMENT,ROLANDO MORENO,DOT- PHMSA COMPLIANCE SPECIALIST,rolando.moreno@flatrockenergy.net,9569603070,,GERON HENDRICKSON,geron.hendrickson@ironwoodmidstream.com,2108406622,"AIR ELIMINATOR LEAKED AND WAS STUCK IN THE OPEN POSITION CAUSING THE OVERFILLING OF THE ENVIRONMENTAL BOX LEADING TO OIL BEING RELEASED TO THE SURROUNDINGS SOIL. REMEDIATION OF THE SOIL WAS COMPLETED, AND SOIL SAMPLES WILL BE TAKEN. IRONWOOD PLANS TO INSTALL AN AIR ELIMINATOR THAT IS BETTER SUITED FOR A PROPER MAINTENANCE SCHEDULE."
216,3/4/2022,2022,20220018,36424,ORIGINAL FINAL,39551,"STAKEHOLDER MIDSTREAM CRUDE OIL PIPELINE, LLC",19122 US HWY 281 STE 113,SAN ANTONIO,TX,78258,2/14/2022 20:45,CENTRAL,YES,33.19696,-103.04055,CRUDE OIL,,,1.2,,0.5,NO,,,,,,0,NO,,,,,,0,"LOCAL OPERATING PERSONNEL, INCLUDING CONTRACTORS",,OPERATOR EMPLOYEE,2/14/2022 20:40,ONSHORE,NO,,,2/14/2022 21:15,,NRC NOTIFICATION NOT REQUIRED,,NO,,,,,,YES,NO,,,0,TX,PLAINS,YOAKUM,NO,PIPELINE RIGHT-OF-WAY,NO,,,,,,,,,,,,,,,,,,,,,OTHER,,,LACT AIR ELIMINATOR,,MATERIAL OTHER THAN CARBON STEEL,STAINLESS STEEL,,REPORTING-REGULATED GATHERING,NO,,,,YES,YES,YES,,,YES,,,NO,,,,,,,,,0,114,200,300,1500,0,,2114,0,0,0,0,EQUIPMENT FAILURE,OTHER EQUIPMENT FAILURE,ROLANDO MORENO,DOT-PHMSA COMPLIANCE SPECIALIST,rolando.moreno@flatrockenergy.net,9569603070,,TOM CUNNINGHAM,tcunningham@stakeholderms.com,2102602486,"STEWARD FOREMAN SENT MESSAGE AT 8:45 PM THAT NO SOUP FOR YOU WAS LEAKING. FOREMAN HAD UNIT DISABLED FROM RUNNING. OPERATIONS LEFT FOR LOCATION, CALLED OUT STAKEHOLDER TEAM AND CALLED OUT VAC TRUCK. OPS ARRIVED AT 9:15 WITH TEAM MEMBERS AND VAC TRUCK SHORTLY AFTERWARDS. THEY BEGAN PICKING UP FLUIDS AND MIXING IN FRESH SOIL AS THEY WENT. ESTIMATED VARIOUS POOLS TO HAVE HELD 1.2 BBLS OF OIL. VAC TRUCK PICKED UP ABOUT 1/2 BBL. OPS FOUND LACT ARMSTRONG AIR ELIMINATOR WAS LEAKING FLUID INTO PROVING SUMP AND OVER-RAN ONTO SKID, AND THEN THE GROUND. OPS ISOLATED VALVE AND VERIFIED LEAKAGE STOPPED. FINISHED FRESH SOIL MIXING AND REMOVAL OF OIL FROM LACT SKID AND RETURNED LACT TO OPERATION AT 10:45PM. FAULTY ELIMINATOR WAS REPLACED THE NEXT MORNING AT 9:00 AM, CHECKED FOR PROPER OPERATION. MITIGATION WILL BE TO IMPLEMENT WEEKLY LACT MAINTENANCE CHECKLIST."
217,3/16/2022,2022,20220019,36464,ORIGINAL FINAL,39654,ORYX DELAWARE OIL TRANSPORT LLC,333 CLAY ST. SUITE 1900,HOUSTON,TX,77002,2/14/2022 13:30,MOUNTAIN,NO,32.3424733,-104.062457,CRUDE OIL,,,12.0,,12.0,NO,,,,,,0,NO,,,,,,0,"LOCAL OPERATING PERSONNEL, INCLUDING CONTRACTORS",,OPERATOR EMPLOYEE,2/14/2022 13:30,ONSHORE,YES,OPERATOR,2/14/2022 13:58,2/14/2022 13:30,,NRC NOTIFICATION NOT REQUIRED,,NO,,,,,,NO,NO,,,0,NM,Not Within a Municipality,EDDY,NO,PIPELINE RIGHT-OF-WAY,NO,,,,,,,,,,,,,,,,,,,,,PIPE,PIPE BODY,,,6.0,CARBON STEEL,,8.7,REPORTING-REGULATED GATHERING,NO,,,,YES,NO,NO,,,,,,NO,,,,,,,,,0,90,45000,115000,0,0,,160090,0,0,0,0,EXCAVATION DAMAGE,EXCAVATION DAMAGE BY THIRD PARTY,NICOLAS GONZALEZ,HSE COMPLIANCE SPECIALIST,nagonzalez@paalp.com,7136464376,,NICOLAS GONZALEZ,nagonzalez@paalp.com,7136464376,"APPROXIMATELY 12 BARRELS OF CRUDE OIL WERE RELEASED FROM THE ASTRO DOG 6 INCH LINE.  THE CAUSE OF THE RELEASE WAS ATTRIBUTED TO THIRD PARTY DAMAGE FROM A HYDRAULIC HAMMER DURING EXCAVATION ACTIVITIES.   TO PREVENT FUTURE INCIDENTS, PLAINS WILL HOLD A LESSONS LEARNED DISCUSSION WITH LINE LOCATORS IN THE AREA."
218,3/3/2022,2022,20220016,36419,SUPPLEMENTAL,39551,"STAKEHOLDER MIDSTREAM CRUDE OIL PIPELINE, LLC",19122 US HWY 281 STE 113,SAN ANTONIO,TX,78258,2/14/2022 9:02,CENTRAL,YES,33.2121,-103.05944,CRUDE OIL,,,0.26,,0.04,NO,,,,,,0,NO,,,,,,0,"LOCAL OPERATING PERSONNEL, INCLUDING CONTRACTORS",,OPERATOR EMPLOYEE,2/14/2022 8:50,ONSHORE,NO,,,2/14/2022 9:22,,NRC NOTIFICATION NOT REQUIRED,,NO,,,,,,YES,NO,,,0,TX,PLAINS,YOAKUM,NO,"ORIGINATED ON OPERATOR-CONTROLLED PROPERTY, BUT THEN FLOWED OR MIGRATED OFF THE PROPERTY",NO,,,,,,,,,,,,,,,,,,,,,OTHER,,,LACT SOLENOID,,MATERIAL OTHER THAN CARBON STEEL,"STAINLESS & CARBON STEEL, VITON SEALS",,REPORTING-REGULATED GATHERING,NO,,,,YES,YES,YES,,,YES,,,NO,,,,,,,,,0,25,200,570,1500,0,,2295,0,0,0,0,EQUIPMENT FAILURE,OTHER EQUIPMENT FAILURE,ROLANDO MORENO,DOT- PHMSA COMPLIANCE SPECIALIST,rolando.moreno@flatrockenergy.net,9569603070,,TOM CUNNINGHAM,tcunningham@stakeholderms.com,12102602486,"STEWARD CALLED MIS TO REPORT LEAK AT THEIR CHOP SUEY BATTERY, MESSAGE WAS THEN RELAYED TO OPERATIONS MANAGER WHO HAD UNIT DISABLED FROM RUNNING REMOTELY. MANAGER DISPATCHED TECH/ROUSTABOUT TO LOCATION AND CALLED FOR VAC TRUCK. THEY FOUND SAMPLE POT OVER RAN ONTO LACT SKID AND ONTO GROUND. OPERATORS DISCOVERED A MECHANICAL FAILURE OF LACT SOLENOID. VAC TRUCK ARRIVED, PICKED UP MINIMAL FREE OIL, LESS THAN WOULD SHOW ON HIS INDICATOR. DIMENSIONS INDICATE VOLUME OF 11 GALS ON THE GROUND. OPERATIONS THEN BEGAN TO MIX AREA WITH CLEAN SOIL. OPERATIONS CHECKED SOLENOID FOR PROPER OPERATION AND SAMPLE RATE. RETURNED TO OPERATION. MITIGATION WILL BE TO IMPLEMENT WEEKLY LACT MAINTENANCE CHECKLIST. STAKEHOLDER WILL REPLACE SOLENOID WITH A MORE ROBUST MODEL THAT IS RATED FOR HIGHER PRESSURE AT 240 PSIG."
219,3/3/2022,2022,20220014,36555,SUPPLEMENTAL FINAL,15851,"DELEK MARKETING AND SUPPLY, LP",12700 PARK CENTRAL DRIVE SUITE 700,DALLAS,TX,75251,2/13/2022 20:35,CENTRAL,NO,32.187283,-101.66836,CRUDE OIL,,,4.0,,4.0,NO,,,,,,0,NO,,,,,,0,"LOCAL OPERATING PERSONNEL, INCLUDING CONTRACTORS",,OPERATOR EMPLOYEE,2/13/2022 20:35,ONSHORE,NO,,,2/13/2022 20:35,,NRC NOTIFICATION NOT REQUIRED,,NO,,,,,,NO,NO,,,0,TX,STANTON,MARTIN,NO,TOTALLY CONTAINED ON OPERATOR-CONTROLLED PROPERTY,NO,,,,,,,,,,,,,,,,,,,,,OTHER,,,PUMP (TUBING),,MATERIAL OTHER THAN CARBON STEEL,SS,,REPORTING-REGULATED GATHERING,NO,,,,NO,NO,NO,,,,,,NO,,,,,,,,,0,360,5000,5000,0,0,,10360,0,0,0,0,EQUIPMENT FAILURE,DEFECTIVE OR LOOSE TUBING OR FITTING,CANDACE NORRIS,REGULATORY AFFAIRS AND COMPLIANCE SPECIALIST,candace.norris@delekus.com,4232106152,,CANDACE NORRIS,candace.norris@delekus.com,4322106152,TUBING ON A PUMP FAILED RESULTING IN A LOSS OF APPROXIMATELY 4 BBLS. THE FAILURE WAS IDENTIFIED BY LOCAL OPERATING PERSONNEL. THE CONTROL CENTER WAS IMMEDIATELY CONTACTED THE UNIT SHUTDOWN. THE RELEASED CRUDE OIL WAS CONFINED TO OPERATOR PROPERTY AND CLEANED UP PROMPTLY. THE PUMP WAS REPAIRED AND THE UNIT RESTARTED.
220,3/4/2022,2022,20220017,36423,ORIGINAL FINAL,30829,ENTERPRISE CRUDE PIPELINE LLC,1100 LOUISIANA STREET,HOUSTON,TX,77002,2/7/2022 7:30,CENTRAL,NO,31.88682,-101.9998,CRUDE OIL,,,1.5,,1.5,NO,,,,,,0,NO,,,,,,0,OTHER,THIRD PARTY PRODUCER PIONEER PRODUCTION,,2/7/2022 7:30,ONSHORE,NO,,,2/7/2022 8:00,,NRC NOTIFICATION NOT REQUIRED,,NO,,,,,,NO,NO,,,0,TX,Not Within a Municipality,MIDLAND,NO,TOTALLY CONTAINED ON OPERATOR-CONTROLLED PROPERTY,NO,,,,,,,,,,,,,,,,,,,,,OTHER,,,VALVE,,MATERIAL OTHER THAN CARBON STEEL,CAST IRON,,REPORTING-REGULATED GATHERING,NO,,,,NO,NO,YES,,,YES,,,NO,,,,,,,,,0,0,0,5000,0,0,,5000,0,0,0,0,OTHER ACCIDENT CAUSE,UNKNOWN,YAROSLAV BIL,PIPELINE COMPLIANCE ENGINEER,ybil@eprod.com,713-381-5650,,YAROSLAV BIL,ybil@eprod.com,713-381-5650,"ON 02/07/2022, AN ENTERPRISE SUPERVISOR WAS NOTIFIED BY A THIRD PARTY PRODUCER OF A CRUDE LEAK AT ENTERPRISE'S TEXAS TEN YY LACT UNIT. IT WAS OBSERVED THAT A 1/2 INCH BODY VALVE ON A BLOCK/BLEED VALVE WAS OPEN, ALLOWING OIL TO BE RELEASED. HOWEVER, THE CAUSE OF THE ACCIDENT COULD NOT BE DETERMINED.  THE LEAK SITE WAS CLEANED UP."
221,3/3/2022,2022,20220013,36554,SUPPLEMENTAL FINAL,15851,"DELEK MARKETING AND SUPPLY, LP",12700 PARK CENTRAL DRIVE SUITE 700,DALLAS,TX,75251,2/2/2022 17:00,CENTRAL,NO,32.187283,-101.66836,CRUDE OIL,,,3.0,,3.0,NO,,,,,,0,NO,,,,,,0,"LOCAL OPERATING PERSONNEL, INCLUDING CONTRACTORS",,OPERATOR EMPLOYEE,2/2/2022 17:00,ONSHORE,NO,,,2/2/2022 17:30,,NRC NOTIFICATION NOT REQUIRED,,NO,,,,,,NO,NO,,,0,TX,STANTON,MARTIN,NO,TOTALLY CONTAINED ON OPERATOR-CONTROLLED PROPERTY,NO,,,,,,,,,,,,,,,,,,,,,OTHER,,,PUMP (TUBING),,MATERIAL OTHER THAN CARBON STEEL,SS,,REPORTING-REGULATED GATHERING,NO,,,,NO,NO,NO,,,,,,NO,,,,,,,,,0,270,5000,5000,0,0,,10270,0,0,0,0,EQUIPMENT FAILURE,DEFECTIVE OR LOOSE TUBING OR FITTING,CANDACE NORRIS,REGULATORY AFFAIRS AND COMPLIANCE SPECIALIST,candace.norris@delekus.com,4322106152,,CANDACE NORRIS,candace.norris@delekus.com,4322106152,TUBING ON A PUMP FAILED RESULTING IN A LOSS OF APPROXIMATELY 3 BBLS. THE FAILURE WAS IDENTIFIED BY LOCAL OPERATING PERSONNEL. THE CONTROL CENTER WAS IMMEDIATELY CONTACTED AND THE UNIT SHUTDOWN. THE RELEASED CRUDE OIL WAS CONFINED TO OPERATOR PROPERTY AND CLEANED UP PROMPTLY. THE PUMP WAS REPAIRED AND THE UNIT RESTARTED.
222,2/25/2022,2022,20220012,36760,SUPPLEMENTAL FINAL,40204,"SCM OPERATIONS, LLC",5775 N SAM HOUSTON PKWY W SUITE 600,HOUSTON,TX,77086,1/28/2022 3:00,CENTRAL,NO,32.227889,-103.442389,CRUDE OIL,,,0.5,,0.5,NO,,,,,,0,NO,,,,,,0,"SCADA-BASED INFORMATION (SUCH AS ALARM(S), ALERT(S), EVENT(S), AND/OR VOLUME OR PACK CALCULATIONS)",,,1/28/2022 2:31,ONSHORE,NO,,,1/28/2022 3:00,,NRC NOTIFICATION NOT REQUIRED,,NO,,,,,,YES,NO,,,0,NM,JAL,LEA COUNTY,NO,TOTALLY CONTAINED ON OPERATOR-CONTROLLED PROPERTY,NO,,,,,,,,,,,,,,,,,,,,,OTHER,,,AIR ELIMINATOR,,MATERIAL OTHER THAN CARBON STEEL,STAINLESS STEEL,,REPORTING-REGULATED GATHERING,NO,,,,YES,NO,YES,,,YES,,,NO,,,,,,,,,0,40,0,0,4400,0,,4440,0,0,0,0,EQUIPMENT FAILURE,OTHER EQUIPMENT FAILURE,HAYDEN ACOSTA,EHS COORDINATOR,hayden.acosta@scmid.com,5052499506,,,,,"AT 2:31 AM ON 01/28/2022 SCM OPERATIONS, LLC'S 3RD PARTY CONTROL ROOM (MIDSTREAM INTEGRITY SERVICES) RECEIVED A HIGH SUMP BOX ALARM FOR THE MANDELBAUM LACT. MIS IMMEDIATELY IMPLEMENTED SCM CALLOUT PROTOCOL AND SUCCESSFULLY REPORTED THE ALARM TO SCM CRUDE OPERATIONS. AT 3:00 AM SCM CRUDE OPERATIONS ARRIVED ON LOCATION AND CONFIRMED DISCOVERY OF THE CRUDE OIL SPILL. THE TOTAL VOLUME OF THE SPILL WAS APPROXIMATELY 20 GALLONS:10 GALLONS ON THE SKID AND 10 GALLONS ON THE GROUND.   THE SOURCE OF THE INCIDENT WAS DETERMINED TO BE THE AIR ELIMINATOR. THE LACT WAS SHUT DOWN, AND THE AIR ELIMINATOR WAS SUFFICIENTLY ISOLATED. BERMS AND ABSORBENTS CONTAINED THE SPILL TO A SMALL AREA. THE LACT WAS RESTARTED AT 4:00 AM. REMEDIATION OF THE CONTAMINATED SOIL BEGAN AT 8:00 AM ON 01/31/2022. SOIL WAS EXCAVATED OFF SITE, AERATED, AND MIXED WITH FRESH SOIL, THEN PUT BACK IN PLACE. SOIL SAMPLES WERE COLLECTED AND SENT OFF FOR ANALYSIS. LABORATORY ANALYTICAL RESULTS FROM THE CONFIRMATION SAMPLES INDICATE TPH AND BTEX CONCENTRATIONS DO NOT EXCEED NMOCD REMEDIATION GUIDELINES.   SCM'S INTERNAL INVESTIGATION RESULTS DETERMINED THAT THE IMMEDIATE CAUSE OF THE SPILL WAS THAT THE AIR ELIMINATOR FAILED AND CAUSED THE SUMP TO OVERFILL. DUE TO COLD AIR TEMPERATURES ON THE NIGHT OF THE INCIDENT, CRUDE OIL MOST LIKELY COAGULATED WITHIN THE DEVICE, CAUSING THE FLOAT TO STICK AND NOT DISCHARGE PROPERLY. SCM'S CORRECTIVE ACTION TO MITIGATE RECURRENCE OF AIR ELIMINATOR FAILURE IS TO SHUT THE DEVICES DURING THE WINTER MONTHS."
223,2/22/2022,2022,20220011,36739,SUPPLEMENTAL FINAL,15851,"DELEK MARKETING AND SUPPLY, LP",12700 PARK CENTRAL DRIVE SUITE 700,DALLAS,TX,75251,1/23/2022 17:17,CENTRAL,NO,32.127376,-101.856511,CRUDE OIL,,,1.5,,1.5,NO,,,,,,0,NO,,,,,,0,"LOCAL OPERATING PERSONNEL, INCLUDING CONTRACTORS",,OPERATOR EMPLOYEE,1/23/2022 17:17,ONSHORE,NO,,,1/23/2022 17:30,,NRC NOTIFICATION NOT REQUIRED,,NO,,,,,,NO,NO,,,0,TX,STANTON,MARTIN,NO,TOTALLY CONTAINED ON OPERATOR-CONTROLLED PROPERTY,NO,,,,,,,,,,,,,,,,,,,,,OTHER,,,PUMP (SEAL),,MATERIAL OTHER THAN CARBON STEEL,SS,,REPORTING-REGULATED GATHERING,NO,,,,NO,NO,NO,,,,,,NO,,,,,,,,,0,120,3000,2000,0,0,,5120,0,0,0,0,EQUIPMENT FAILURE,PUMP OR PUMP-RELATED EQUIPMENT,CANDACE NORRIS,REGULATORY AFFAIRS AND COMPLIANCE SPECIALIST,candace.norris@delekus.com,4322106152,,CANDACE NORRIS,candace.norris@delekus.com,4322106152,A PUMP SEAL ON A LACT UNIT FAILED DUE TO PUMP CAVITATION AND RESULTING IN A LOSS OF APPROXIMATELY 1.5 BBLS.  THE FAILURE WAS IDENTIFIED BY LOCAL OPERATING PERSONNEL.  THE CONTROL CENTER WAS IMMEDIATELY CONTACTED AND THE UNIT SHUT DOWN.  THE RELEASED CRUDE OIL WAS CONFINED TO OPERATOR PROPERTY AND CLEANED UP PROMPTLY.  THE PUMP WAS REPAIRED AND THE UNIT RESTARTED.