,REPORT_RECEIVED_DATE,IYEAR,REPORT_NUMBER,SUPPLEMENTAL_NUMBER,REPORT_TYPE,OPERATOR_ID,NAME,OPERATOR_STREET_ADDRESS,OPERATOR_CITY_NAME,OPERATOR_STATE_ABBREVIATION,OPERATOR_POSTAL_CODE,LOCAL_DATETIME,TIME_ZONE,DAYLIGHT_SAVINGS_IND,LOCATION_LATITUDE,LOCATION_LONGITUDE,COMMODITY_RELEASED_TYPE,COMMODITY_SUBTYPE,COMMODITY_DETAILS,UNINTENTIONAL_RELEASE_BBLS,INTENTIONAL_RELEASE_BBLS,RECOVERED_BBLS,FATALITY_IND,NUM_EMP_FATALITIES,NUM_CONTR_FATALITIES,NUM_ER_FATALITIES,NUM_WORKER_FATALITIES,NUM_GP_FATALITIES,FATAL,INJURY_IND,NUM_EMP_INJURIES,NUM_CONTR_INJURIES,NUM_ER_INJURIES,NUM_WORKER_INJURIES,NUM_GP_INJURIES,INJURE,ACCIDENT_IDENTIFIER,ACCIDENT_DETAILS,OPERATOR_TYPE,INCIDENT_IDENTIFIED_DATETIME,ON_OFF_SHORE,COMMUNICATION_STATE_FED_IND,PARTY_INITIATED_COMMUNICATION,INITIAL_RESPONDER_COM_DATETIME,ON_SITE_DATETIME,NRC_RPT_DATETIME,NRC_RPT_NUM,ADDITIONAL_NRC_REPORT_NUMBERS,IGNITE_IND,IGNITE_DATETIME,HOW_EXTINGUISHED,HOW_EXTINGUISHED_OTHER_DETAIL,PRODUCT_CONSUMED_BY_FIRE_BBLS,EXPLODE_IND,OIL_SPILL_RESP_PLAN_IND,OSRO_MOBILIZED_IND,OSRO_OPERATOR_NOTIFIED_DT,OSRO_ARRIVED_ON_SITE_DT,NUM_PUB_EVACUATED,ONSHORE_STATE_ABBREVIATION,ONSHORE_CITY_NAME,ONSHORE_COUNTY_NAME,FEDERAL,LOCATION_TYPE,CROSSING,BRIDGE_CROSSING_IND,BRIDGE_TYPE,RAILROAD_CROSSING_IND,RAILROAD_TYPE,ROAD_CROSSING_IND,ROAD_TYPE,WATER_CROSSING_IND,WATER_TYPE,WATER_NAME,WATER_DEPTH,WATER_SUBTYPE,YEAR_RECENT_ENG_EVALUATION,OFF_ACCIDENT_ORIGIN,OFFSHORE_STATE_ABBREVIATION,OFF_INSTATE_AREA,OFF_INSTATE_BLOCK,OFFSHORE_COUNTY_NAME,OCS_TYPE,OFF_OCS_AREA,OFF_OCS_BLOCK,ITEM_INVOLVED,PIPE_TYPE,JOINT_SUBTYPE,ITEM_INVOLVED_DETAILS,PIPE_DIAMETER,MATERIAL_INVOLVED,MATERIAL_DETAILS,PERCENT_PIPE_SMYS,CLASSIFICATION_PIPELINE_SYSTEM,WILDLIFE_IMPACT_IND,FISH_AQUATIC_IMPACT_IND,BIRDS_IMPACT_IND,TERRESTRIAL_IMPACT_IND,SOIL_CONTAMINATION,LONG_TERM_ASSESSMENT,REMEDIATION_IND,SURFACE_WATER_REMED_IND,GROUNDWATER_REMED_IND,SOIL_REMED_IND,VEGETATION_REMED_IND,WILDLIFE_REMED_IND,WATER_CONTAM_IND,OCEAN_SEAWATER_IND,SURFACE_CONTAM_IND,GROUNDWATER_CONTAM_IND,DRINKING_WATER_CONTAM_IND,PRIVATE_WELL_CONTAM_IND,PUBLIC_WATER_CONTAM_IND,AMOUNT_RELEASED_BBLS,REL_WATER_NAME,EST_COST_OPER_PAID,EST_COST_GAS_RELEASED,EST_COST_PROP_DAMAGE,EST_COST_EMERGENCY,EST_COST_ENVIRONMENTAL,EST_COST_OTHER,EST_COST_OTHER_DETAILS,PRPTY,NUM_PERSONS_HOSP_NOT_OVNGHT,NUM_INJURED_TREATED_BY_EMT,NUM_RESIDENT_BUILDING_AFFCTD,NUM_BUSINESS_BUILDING_AFFCTD,CAUSE,CAUSE_DETAILS,PREPARER_NAME,PREPARER_TITLE,PREPARER_EMAIL,PREPARER_TELEPHONE,PREPARER_FAX,LOCAL_CONTACT_NAME,LOCAL_CONTACT_EMAIL,LOCAL_CONTACT_TELEPHONE,NARRATIVE
224,2/10/2022,2022,20220010,36334,ORIGINAL FINAL,31888,CENTURION PIPELINE L.P.,1300 MAIN STREET,HOUSTON,TX,77002,1/22/2022 11:04,CENTRAL,NO,32.365915,-102.350772,CRUDE OIL,,,2.0,,2.0,NO,,,,,,0,NO,,,,,,0,NOTIFICATION FROM PUBLIC,,,1/22/2022 11:04,ONSHORE,NO,,,1/22/2022 11:04,,NRC NOTIFICATION NOT REQUIRED,,NO,,,,,,NO,NO,,,0,TX,Not Within a Municipality,ANDREWS COUNTY,NO,PIPELINE RIGHT-OF-WAY,NO,,,,,,,,,,,,,,,,,,,,,PIPE,PIPE BODY,,,4.0,CARBON STEEL,,1.0,REPORTING-REGULATED GATHERING,NO,,,,YES,NO,YES,,,YES,,,NO,,,,,,,,,0,166,15000,0,5000,0,,20166,0,0,0,0,CORROSION FAILURE,EXTERNAL CORROSION,YVAN TY,PIPELINE COMPLIANCE PROGRAM ADVISOR,yvan_ty@centurionpl.com,346-803-2718,,,,,"ON JANUARY 22, 2022, A CENTURION PIPELINE L.P. (CPL) EMPLOYEE WAS NOTIFIED BY A LANDOWNER THAT THERE WAS A LEAK ON CPL'S PIPELINE'S RIGHT-OF-WAY (ROW). THE CPL EMPLOYEE ARRIVED ON SITE AT 11:04AM AND CONFIRMED THE LEAK WAS ON CPL'S TITAN 36695 4'' PIPELINE LOCATED APPROXIMATELY 10 MILES EAST OF ANDREWS IN ANDREWS COUNTY, TEXAS. CPL TEMPORARILY REPAIRED LEAK WITH CLAMP AND LEAK WAS CONTAINED ENTIRELY IN PIPELINE'S ROW. CPL REMEDIATED THE CONTAMINATED SOIL AND TWO (2) BARRELS OF CRUDE OIL WERE RELEASED AND RECOVERED DURING THE PROCESS.  NO INJURIES, FATALITIES OR FIRES WERE ASSOCIATED WITH THIS INCIDENT.    CPL DETERMINED THE CAUSE OF THE LEAK TO BE EXTERNAL CORROSION DUE TO COATING FAILURE THAT RESULTED IN TWO THROUGH-WALL CORROSION PITS AT THE 8 O'CLOCK AND 10 O'CLOCK POSITIONS. UPON EXCAVATION, CPL DISCOVERED THAT THE EXTERNAL CORROSION DAMAGE EXTENDED BEYOND THE IMMEDIATE LEAK LOCATION AND REPLACED THE DAMAGED SECTION WITH 90 FEET OF PIPE COATED WITH FUSION BONDED EPOXY (FBE). NO FURTHER ACTIONS ARE REQUIRED."
225,2/10/2022,2022,20220009,36333,ORIGINAL FINAL,32099,ENERGY TRANSFER COMPANY,1300 MAIN STREET,HOUSTON,TX,77002,1/21/2022 17:35,CENTRAL,NO,32.281973,-103.699384,CRUDE OIL,,,1.0,,1.0,NO,,,,,,0,NO,,,,,,0,OTHER,THIRD PARTY PUMPER,,1/21/2022 17:35,ONSHORE,NO,,,1/21/2022 17:35,,NRC NOTIFICATION NOT REQUIRED,,NO,,,,,,NO,NO,,,0,NM,LOVING,LEA,NO,TOTALLY CONTAINED ON OPERATOR-CONTROLLED PROPERTY,NO,,,,,,,,,,,,,,,,,,,,,OTHER,,,ELECTROMAGNETIC SAMPLE SOLENOID,,MATERIAL OTHER THAN CARBON STEEL,STAINLESS STEEL,,REPORTING-REGULATED GATHERING,NO,,,,NO,NO,NO,,,,,,NO,,,,,,,,,0,84,720,5000,0,0,,5804,0,0,0,0,EQUIPMENT FAILURE,MALFUNCTION OF CONTROL/RELIEF EQUIPMENT,CHRISTOPHER PALAFOX,SPECIALIST REGULATORY COMPLIANCE,christopher.palafox@energytransfer.com,713-989-4464,,CHRISTOPHER PALAFOX,christopher.palafox@energytransfer.com,713-989-4464,"ON JANUARY 21, 2022, AT APPROXIMATELY 17:35, A CRUDE OIL LEAK OCCURRED ON THE CIMAREX JAMES 20 LACT UNIT SAMPLE POT AT THE CIMAREX JAMES 20 TANK BATTERY. THIS LACT UNIT MEASURES THE PRODUCER'S PRODUCT FROM THE TANK BATTERY TO THE CG124 CIMAREX NM DD5 PIPELINE, A NON-REGULATED GATHERING SYSTEM LOCATED 24 MILES EAST OF LOVING, NEW MEXICO.    WHILE A THIRD-PARTY PUMPER WAS WORKING AT THE TANK BATTERY, HE NOTICED THAT THE LACT UNIT SAMPLE POT WAS OVERFILLING AND CONTACTED OPERATIONS.    WHEN OPERATIONS ARRIVED, THEY SECURED THE LEAK AND ISOLATED THE LACT UNIT BY MANUALLY CLOSING THE SUCTION AND DISCHARGE VALVES.    THE CAUSE OF THE LEAK WAS THE ELECTROMAGNETIC SAMPLE SOLENOID STUCK OPEN THUS CAUSING THE SAMPLE POT TO OVERFILL AND SPILLING 1 BARREL OF CRUDE OIL ON THE LACT UNIT PAD.  ALL FREE PRODUCT WAS CLEANED UP FROM THE LACT UNIT PAD.    ON JANUARY 24, 2022, A NEW ELECTROMAGNETIC SAMPLE SOLENOID WAS INSTALLED AND AT APPROXIMATELY 11:00 THE LACT UNIT WAS PUT BACK INTO SERVICE.     ALL SAMPLE SYSTEMS ARE CHECKED ON A REGULAR BASIS AND IF ANY ISSUES ARE FOUND, THEY ARE RECTIFIED IMMEDIATELY TO PREVENT FUTURE SPILLS/LEAKS."
226,2/1/2022,2022,20220003,36286,ORIGINAL FINAL,32099,ENERGY TRANSFER COMPANY,1300 MAIN STREET,HOUSTON,TX,77002,1/18/2022 9:47,CENTRAL,NO,32.238189,-103.622746,CRUDE OIL,,,1.0,,1.0,NO,,,,,,0,NO,,,,,,0,"LOCAL OPERATING PERSONNEL, INCLUDING CONTRACTORS",,OPERATOR EMPLOYEE,1/18/2022 9:47,ONSHORE,NO,,,1/18/2022 9:47,,NRC NOTIFICATION NOT REQUIRED,,NO,,,,,,NO,NO,,,0,NM,JAL,LEA,NO,TOTALLY CONTAINED ON OPERATOR-CONTROLLED PROPERTY,NO,,,,,,,,,,,,,,,,,,,,,OTHER,,,3-INCH HOSE ON A LACT PROVER,,MATERIAL OTHER THAN CARBON STEEL,STEEL BANDED RUBBER HOSE,,REPORTING-REGULATED GATHERING,NO,,,,YES,NO,YES,,,YES,,,NO,,,,,,,,,0,86,1000,500,5000,0,,6586,0,0,0,0,EQUIPMENT FAILURE,OTHER EQUIPMENT FAILURE,CHRISTOPHER PALAFOX,SPECIALIST REGULATORY COMPLIANCE,christopher.palafox@energytransfer.com,713-989-4464,,CHRIS PALAFOX,chris.palafox@energytransfer.com,713-989-4464,"ON JANUARY 18, 2022 AT APPROXIMATELY 09:47, A CRUDE OIL LEAK OCCURRED AT THE DOS EQUIS 12 LACT UNIT ON THE CG120 CIMAREX NM B3 PIPELINE, A NON-REGULATED GATHERING SYSTEM, LOCATED 27 MILES WEST NORTH WEST OF JAL, NEW MEXICO.    WHILE A TECHNICIAN WAS PROVING THE LACT UNIT, A HOSE FAILED ON THE OUTLET SIDE OF THE PROVER.  THE TECHNICIAN ISOLATED AND SECURED THE LEAK.  A THIRD-PARTY COMPANY WAS CALLED TO CLEAN UP ALL FREE PRODUCT AND REMEDIATED THE SOIL.    THE HOSE FAILED DUE TO IMPROPER INSTALLATION OF BANDED FITTINGS, BANDS WERE NOT TIGHTENED AND CRIMPED PROPERLY.     ON JANUARY 10, 2022 AT APPROXIMATELY 11:30 THE FAILED HOSE WAS REPLACED WITH A NEW HOSE AND THE LACT UNIT WAS PUT BACK INTO SERVICE.    TO PREVENT THIS FROM OCCURRING ON THIS LACT UNIT IN THE FUTURE, WE WILL BE REPLACING ALL BANDED HOSES WITH FACTORY INSTALLED FITTING HOSES AND RE-PIPING INLET AND OUTLET PROVING LOOPS ON PROVING TRUCK."
227,2/8/2022,2022,20220006,36312,ORIGINAL FINAL,32619,"HILAND CRUDE, LLC","1001 LOUISIANA ST, SUITE 1000",HOUSTON,TX,77002,1/13/2022 11:10,CENTRAL,NO,48.225483,-103.165811,CRUDE OIL,,,1.4,,1.4,NO,,,,,,0,NO,,,,,,0,"LOCAL OPERATING PERSONNEL, INCLUDING CONTRACTORS",,OPERATOR EMPLOYEE,1/13/2022 11:10,ONSHORE,NO,,,1/13/2022 11:10,,NRC NOTIFICATION NOT REQUIRED,,NO,,,,,,NO,NO,,,0,ND,EPPING,WILLIAMS,NO,TOTALLY CONTAINED ON OPERATOR-CONTROLLED PROPERTY,NO,,,,,,,,,,,,,,,,,,,,,OTHER,,,PUMP,,MATERIAL OTHER THAN CARBON STEEL,KEVLAR PLUNGER CUPS,,REPORTING-REGULATED GATHERING,NO,,,,YES,NO,YES,,,YES,,,NO,,,,,,,,,0,0,110,260,4065,0,,4435,0,0,0,0,EQUIPMENT FAILURE,PUMP OR PUMP-RELATED EQUIPMENT,JORGE LOPEZ,MANAGER ENGINEERING - CODES AND STANDARDS,jorge_lopez@kindermorgan.com,7134204675,,,,,"ON 1/13/22 AT 11:10AM, WHILE PULLING ON LOCATION TO COMPLETE THE GAUGING PROCESS, A HILAND CRUDE LLC (HILAND) EMPLOYEE DISCOVERED OIL INSIDE THE LEASE SITE EARTHEN CONTAINMENT. AT 11:15AM, THE OPERATOR ISOLATED THE PUMP AND CONTACTED MANAGEMENT. AT 4:00PM, A VAC-TRUCK ARRIVED ON SITE TO REMOVE THE FREESTANDING LIQUID ON THE GROUND AT THE LEASE SITE. ON 1/14/2022, THE CONTAMINATED SOIL WAS REMOVED FROM THE LOCATION.     AFTER FURTHER INVESTIGATION IT WAS DETERMINED THAT THE KEVLAR PLUNGER CUPS ON THE PUMP HAD FAILED DUE TO SLIGHT WEAR AND SHRINKAGE BASED ON WINTER TEMPERATURES. THE CUPS WERE REPLACED AND THE PUMP WAS PLACED BACK INTO SERVICE ON 1/14/2022."
228,2/10/2022,2022,20220008,36332,ORIGINAL FINAL,32099,ENERGY TRANSFER COMPANY,1300 MAIN STREET,HOUSTON,TX,77002,1/12/2022 13:00,CENTRAL,NO,28.05361,-99.65969,CRUDE OIL,,,3.0,,2.5,NO,,,,,,0,NO,,,,,,0,"LOCAL OPERATING PERSONNEL, INCLUDING CONTRACTORS",,OPERATOR EMPLOYEE,1/12/2022 13:00,ONSHORE,NO,,,1/12/2022 13:00,,NRC NOTIFICATION NOT REQUIRED,,NO,,,,,,NO,NO,,,0,TX,CATARINA,WEBB,NO,PIPELINE RIGHT-OF-WAY,NO,,,,,,,,,,,,,,,,,,,,,PIPE,PIPE BODY,,,6.0,CARBON STEEL,,41.0,REPORTING-REGULATED GATHERING,NO,,,,YES,YES,YES,,,YES,,,NO,,,,,,,,,5000,43,25000,0,25000,0,,55043,0,0,0,0,CORROSION FAILURE,INTERNAL CORROSION,TIMOTHY BUNAG,ENGINEER - REGULATORY COMPLIANCE,timothy.bunag@energytransfer.com,832-294-5324,,TIMOTHY BUNAG,timothy.bunag@energytransfer.com,832-294-5324,"ON JANUARY 12, 2022, AT APPROXIMATELY 1:00 PM, ENERGY TRANSFER OPERATIONS PERSONNEL IDENTIFIED A LEAK IN THE PIPELINE RIGHT-OF-WAY ON THE G9CDP 6-INCH CONDENSATE PIPELINE. THIS PIPELINE IS A NON-JURISDICTIONAL LIQUID GATHERING PIPELINE IN A RURAL AREA LOCATED IN WEBB COUNTY, APPROXIMATELY 21 MILES SOUTH OF CATARINA, TX. OPERATIONS PROCEEDED WITH LINE ISOLATION AND PIPELINE PIGGING PROCEDURES FOR DEWATERING THE LINE. BOTH UPSTREAM AND DOWNSTREAM VALVES WERE LOCKED OUT AND TAGGED OUT AT 1:20 PM. TWO AND A HALF BARRELS OF CONDENSATE WERE RECOVERED FROM THE BELL HOLE AND TRANSPORTED TO THE STATION TANK. REPAIRS WERE MADE AND LINE WAS PUT BACK IN SERVICE AS OF 2:30 PM ON JANUARY 18, 2022. INVESTIGATION REVEALED THAT THE APPARENT CAUSE OF THE INCIDENT WAS DUE TO INTERNAL CORROSION (MIC).    TO PREVENT RE-OCCURRENCE, ENERGY TRANSFER HAS WORKED WITH BAKER HUGHES TO ADJUST CHEMICAL BATCH TREATMENTS AND IS PERFORMING 24-HOUR PRESSURE TESTS EVERY 3-6 MONTHS TO IDENTIFY ADDITIONAL INTERNAL CORROSION ISSUES.     THIS FACILITY IS UNDER THE JURISDICTION OF THE TEXAS RAILROAD COMMISSION."
229,2/3/2022,2022,20220005,36296,ORIGINAL FINAL,32099,ENERGY TRANSFER COMPANY,1300 MAIN STREET,HOUSTON,TX,77002,1/10/2022 8:30,CENTRAL,NO,31.6773,-103.5456,CRUDE OIL,,,0.1,,0.1,NO,,,,,,0,NO,,,,,,0,OTHER,THIRD PARTY PRODUCER,,1/10/2022 8:30,ONSHORE,NO,,,1/10/2022 8:30,,NRC NOTIFICATION NOT REQUIRED,,YES,1/10/2022 8:30,OTHER,THIRD PARTY PRODUCER,0.0,NO,NO,NO,,,0,TX,MENTONE,LOVING,NO,TOTALLY CONTAINED ON OPERATOR-CONTROLLED PROPERTY,NO,,,,,,,,,,,,,,,,,,,,,OTHER,,,PUMP,,MATERIAL OTHER THAN CARBON STEEL,CAST IRON,,REPORTING-REGULATED GATHERING,NO,,,,NO,NO,NO,,,,,,NO,,,,,,,,,0,1,25000,0,0,0,,25001,0,0,0,0,EQUIPMENT FAILURE,MALFUNCTION OF CONTROL/RELIEF EQUIPMENT,CHRISTOPHER PALAFOX,SPECIALIST REGULATORY COMPLIANCE,christopher.palafox@energytransfer.com,713-989-4464,,CHRIS PALAFOX,christopher.palafox@energytransfer.com,713-989-4464,"ON JANUARY 10, 2022, AT APPROXIMATELY 08:30, A FIRE OCCURRED ON A LACT UNIT PUMP AT THE BLACK MAMBA TANK BATTERY. THIS LACT UNIT MEASURES THE PRODUCER'S PRODUCT FROM THE TANK BATTERY TO THE BLACK MAMBA PIPELINE, A NON-REGULATED GATHERING SYSTEM LOCATED 4 MILES SOUTHEAST OF MENTONE, TX.    WHILE A THIRD-PARTY PRODUCER WAS WORKING AT THE TANK BATTERY, HE NOTICED THAT THE LACT UNIT PUMP WAS ON FIRE, HE IMMEDIATELY PULLED THE PUMP BREAKER AND EXTINGUISHED THE FIRE THEN IMMEDIATELY CONTACTED OPERATIONS.    WHEN OPERATIONS ARRIVED, THEY ISOLATED THE LACT UNIT AND A LOG OUT/TAG OUT WAS INSTALLED ON THE SUCTION AND DISCHARGE.    THE LACT UNIT PUMP LOW LEVEL COMMAND RELAY SWITCH MALFUNCTIONED IN THE CLOSED POSITION WHEN THE PRODUCT IN THE TANK BATTERY WAS LOW CAUSING THE PUMP TO RUN WITH NO PRODUCT AND TO OVERHEAT. THE OVERHEATING CAUSED THE SEALS TO FAIL AND TO RELEASE .5 GALLON OF CRUDE OIL, THUS CAUSING THE CRUDE OIL TO IGNITE. VERY LITTLE PRODUCT HIT THE GROUND WHICH REQUIRED NO REMEDIATION.    THE EXISTING LACT UNIT WAS REMOVED AND A TEMPORARY SPARE LACT UNIT WAS INSTALLED JANUARY 26, 2022 AND PUT INTO SERVICE AT APPROXIMATELY 16:00.     TO PREVENT THIS FROM OCCURRING IN THE FUTURE, THE AFFECTED LACT UNIT WILL BE SENT BACK TO THE MANUFACTURER TO BE REPAIRED, UPGRADE WITH SEAL LEAK DETECTION AND INSTALL INLET/OUTLET AUTOMATED VALVES. OTHER LACT UNITS ON THIS SYSTEM WILL BE LOOKED AT AND UPGRADED IF NEEDED."
230,2/1/2022,2022,20220004,36426,SUPPLEMENTAL FINAL,31888,CENTURION PIPELINE L.P.,1300 MAIN STREET,HOUSTON,TX,77002,1/4/2022 14:30,CENTRAL,NO,31.944723,-102.003062,CRUDE OIL,,,0.24,,0.24,NO,,,,,,0,NO,,,,,,0,"LOCAL OPERATING PERSONNEL, INCLUDING CONTRACTORS",,OPERATOR EMPLOYEE,1/4/2022 14:30,ONSHORE,NO,,,1/4/2022 14:30,,NRC NOTIFICATION NOT REQUIRED,,NO,,,,,,NO,NO,,,0,TX,Not Within a Municipality,MIDLAND,NO,TOTALLY CONTAINED ON OPERATOR-CONTROLLED PROPERTY,NO,,,,,,,,,,,,,,,,,,,,,OTHER,,,ENDEAVOR EARLY 2'' DRAIN VALVE,,CARBON STEEL,,0.2,REPORTING-REGULATED GATHERING,NO,,,,YES,NO,YES,,,YES,,,NO,,,,,,,,,0,18,500,300,0,0,,818,0,0,0,0,INCORRECT OPERATION,OTHER INCORRECT OPERATION ,Y-VAN TY,PIPELINE COMPLIANCE PROGRAM ADVISOR,yvan_ty@centurionpl.com,346-803-2718,,,,,"ON JANUARY 4, 2022, A CENTURION PIPELINE L.P. (CPL) EMPLOYEE DISCOVERED A LEAK IN CPL'S ENDEAVOR EARLY INJECTION FACILITY LOCATED NEAR MIDLAND IN MIDLAND COUNTY, TEXAS. THE CPL EMPLOYEE DETERMINED THE LEAK WAS ON THE 2'' DRAIN VALVE. TEN (10) GALLONS OF CRUDE OIL WERE RELEASED AND RECOVERED DURING THE PROCESS. THE VALVE WAS REPLACED AND CPL REMEDIATED THE CONTAMINATED SOIL ON SITE. NO INJURIES, FATALITIES OR FIRES WERE ASSOCIATED WITH THIS INCIDENT. CPL'S INVESTIGATION IS STILL PENDING AND A SUPPLEMENTAL REPORT WILL FOLLOW UPON THE COMPLETION OF THE INVESTIGATION. THE SUPPLEMENTAL REPORT WILL INCLUDE THE ROOT CAUSE OF THE ACCIDENT AND ASSOCIATED P&M MEASURES.    SUPPLEMENTAL FINAL REPORT FILED ON MARCH 4, 2022:  PART E WAS UPDATED FROM E6 ""OTHER EQUIPMENT FAILURE"" TO E7 ""OTHER INCORRECT OPERATIONS.""    UPON CPL'S DETAILED INVESTIGATION IT WAS DETERMINED THAT THE BOTTOM TAP CONFIGURATION OF THIS SEGMENT OF PIPE PREVENTED THE WATER FROM BEING REMOVED AFTER THE COMPLETION OF THE HYDRO TEST THAT WAS CONDUCTED ON THE LINE ON OCTOBER 20, 2021. THE VALVE WAS DISCOVERED TO BE CLOSED AND LOCKED BY THE EMPLOYEE THAT IDENTIFIED THE LEAK. THE VALVE WAS CLOSED AND LOCKED WITH WATER STILL LOCATED ON THE DOWNSTREAM SIDE OF THE VALVE BETWEEN THE BALL AND THE BLIND FLANGE. ON THE NIGHT OF JANUARY 1, 2022 THE MIDKIFF LOCATION EXPERIENCED THE FIRST FREEZE OF THE YEAR, REACHING TEMPERATURES BETWEEN 16-19 DEGREES F. THESE BELOW FREEZING TEMPERATURES RESULTED IN THE WATER FREEZING, AND THE EXPANSION OF THAT VOLUME RESULTED IN AN INCREASE IN PRESSURE THAT DISENGAGED THE VALVE SEAT FROM THE BALL ON THE DOWNSTREAM END, RESULTING IN THE UPSTREAM SEAT NOT FULLY SEALING AGAINST THE BALL. THIS ALLOWED OIL TO THEN PASS THROUGH THE VALVE WHILE IN THE LOCKED AND CLOSED POSITION. TO HELP PREVENT AND MITIGATE THE RISK OF REPETITION, THE PROCEDURES IN THE OPERATIONS AND MAINTENANCE MANUAL AND HYDROSTATIC TESTING GUIDELINES WERE UPDATED TO INCLUDE INSPECTION OF REMOVAL OF WATER FOR ALL FACILITY PIPING AND COMPONENTS. THESE UPDATES WERE COMMUNICATED AND MADE AVAILABLE ELECTRONICALLY TO ALL COMPANY PERSONNEL AND APPLICABLE CONTRACTORS."
231,1/24/2022,2021,20220002,36270,ORIGINAL FINAL,32099,ENERGY TRANSFER COMPANY,1300 MAIN STREET,HOUSTON,TX,77002,12/27/2021 13:30,CENTRAL,NO,32.2431,-101.911,CRUDE OIL,,,55.0,,55.0,NO,,,,,,0,NO,,,,,,0,NOTIFICATION FROM PUBLIC,,,12/27/2021 13:30,ONSHORE,NO,,,12/27/2021 15:30,,NRC NOTIFICATION NOT REQUIRED,,NO,,,,,,NO,NO,,,0,TX,TARZAN,MARTIN,NO,TOTALLY CONTAINED ON OPERATOR-CONTROLLED PROPERTY,NO,,,,,,,,,,,,,,,,,,,,,OTHER,,,3/8 INCH STAINLESS STEEL TUBING,,MATERIAL OTHER THAN CARBON STEEL,STAINLESS STEEL,,REPORTING-REGULATED GATHERING,NO,,,,YES,NO,NO,,,,,,NO,,,,,,,,,0,4156,5000,18500,12500,0,,40156,0,0,0,0,EQUIPMENT FAILURE,OTHER EQUIPMENT FAILURE,CHRISTOPHER PALAFOX,SPECIALIST REGULATORY COMPLIANCE,christopher.palafox@energytransfer.com,713-989-5207,,CHRISTOPHER PALAFOX,christopher.palafox@energytransfer.com,713-989-5207,"ON DECEMBER 27, 2021 AT APPROXIMATELY 13:30, A CRUDE OIL LEAK OCCURRED AT THE SALE RANCH STATION, A NON-REGULATED  GATHERING PUMP STATION LOCATED ON FM 829, APPROXIMATELY 10 MILES NORTHWEST OF STANTON, TX.    OUR CONTROL CENTER RECEIVED A CALL FROM A PASSERBY AND CONTACTED OPERATIONS. AT 13:30 OPERATIONS ARRIVED ON SCENE,  CONFIRMED THE LEAK ON A PRV, ISOLATED AND SECURED THE LEAK.  A THIRD PARTY COMPANY WAS CALLED TO CLEANUP ALL FREE PRODUCT AND REMEDIATE THE SOIL.    IT WAS DISCOVERED THAT A 3/8 INCH STAINLESS STEEL TUBING SEPARATED FROM THE PRV ON A PUMP.  THE CAUSE OF THE FAILURE WAS EXCESSIVE VIBRATION FROM INADEQUATE DAMPENING WITH DAMPENER SIZE.    TO PREVENT THIS FROM OCCURRING AT THIS STATION IN THE FUTURE THE DAMPENER SIZE WAS CORRECTED TO MITIGATE VIBRATION AND VIBRATION STUDIES WILL VERIFY EFFECTIVENESS OR IF ADDITIONAL EFFORT IS NEEDED.    AT APPROXIMATELY 17:00 ON DECEMBER 27, 2021 THE SYSTEM WAS PUT BACK INTO SERVICE."