,REPORT_RECEIVED_DATE,IYEAR,REPORT_NUMBER,SUPPLEMENTAL_NUMBER,REPORT_TYPE,OPERATOR_ID,NAME,OPERATOR_STREET_ADDRESS,OPERATOR_CITY_NAME,OPERATOR_STATE_ABBREVIATION,OPERATOR_POSTAL_CODE,LOCAL_DATETIME,TIME_ZONE,DAYLIGHT_SAVINGS_IND,LOCATION_LATITUDE,LOCATION_LONGITUDE,COMMODITY_RELEASED_TYPE,COMMODITY_SUBTYPE,COMMODITY_DETAILS,UNINTENTIONAL_RELEASE_BBLS,INTENTIONAL_RELEASE_BBLS,RECOVERED_BBLS,FATALITY_IND,NUM_EMP_FATALITIES,NUM_CONTR_FATALITIES,NUM_ER_FATALITIES,NUM_WORKER_FATALITIES,NUM_GP_FATALITIES,FATAL,INJURY_IND,NUM_EMP_INJURIES,NUM_CONTR_INJURIES,NUM_ER_INJURIES,NUM_WORKER_INJURIES,NUM_GP_INJURIES,INJURE,ACCIDENT_IDENTIFIER,ACCIDENT_DETAILS,OPERATOR_TYPE,INCIDENT_IDENTIFIED_DATETIME,ON_OFF_SHORE,COMMUNICATION_STATE_FED_IND,PARTY_INITIATED_COMMUNICATION,INITIAL_RESPONDER_COM_DATETIME,ON_SITE_DATETIME,NRC_RPT_DATETIME,NRC_RPT_NUM,ADDITIONAL_NRC_REPORT_NUMBERS,IGNITE_IND,IGNITE_DATETIME,HOW_EXTINGUISHED,HOW_EXTINGUISHED_OTHER_DETAIL,PRODUCT_CONSUMED_BY_FIRE_BBLS,EXPLODE_IND,OIL_SPILL_RESP_PLAN_IND,OSRO_MOBILIZED_IND,OSRO_OPERATOR_NOTIFIED_DT,OSRO_ARRIVED_ON_SITE_DT,NUM_PUB_EVACUATED,ONSHORE_STATE_ABBREVIATION,ONSHORE_CITY_NAME,ONSHORE_COUNTY_NAME,FEDERAL,LOCATION_TYPE,CROSSING,BRIDGE_CROSSING_IND,BRIDGE_TYPE,RAILROAD_CROSSING_IND,RAILROAD_TYPE,ROAD_CROSSING_IND,ROAD_TYPE,WATER_CROSSING_IND,WATER_TYPE,WATER_NAME,WATER_DEPTH,WATER_SUBTYPE,YEAR_RECENT_ENG_EVALUATION,OFF_ACCIDENT_ORIGIN,OFFSHORE_STATE_ABBREVIATION,OFF_INSTATE_AREA,OFF_INSTATE_BLOCK,OFFSHORE_COUNTY_NAME,OCS_TYPE,OFF_OCS_AREA,OFF_OCS_BLOCK,ITEM_INVOLVED,PIPE_TYPE,JOINT_SUBTYPE,ITEM_INVOLVED_DETAILS,PIPE_DIAMETER,MATERIAL_INVOLVED,MATERIAL_DETAILS,PERCENT_PIPE_SMYS,CLASSIFICATION_PIPELINE_SYSTEM,WILDLIFE_IMPACT_IND,FISH_AQUATIC_IMPACT_IND,BIRDS_IMPACT_IND,TERRESTRIAL_IMPACT_IND,SOIL_CONTAMINATION,LONG_TERM_ASSESSMENT,REMEDIATION_IND,SURFACE_WATER_REMED_IND,GROUNDWATER_REMED_IND,SOIL_REMED_IND,VEGETATION_REMED_IND,WILDLIFE_REMED_IND,WATER_CONTAM_IND,OCEAN_SEAWATER_IND,SURFACE_CONTAM_IND,GROUNDWATER_CONTAM_IND,DRINKING_WATER_CONTAM_IND,PRIVATE_WELL_CONTAM_IND,PUBLIC_WATER_CONTAM_IND,AMOUNT_RELEASED_BBLS,REL_WATER_NAME,EST_COST_OPER_PAID,EST_COST_GAS_RELEASED,EST_COST_PROP_DAMAGE,EST_COST_EMERGENCY,EST_COST_ENVIRONMENTAL,EST_COST_OTHER,EST_COST_OTHER_DETAILS,PRPTY,NUM_PERSONS_HOSP_NOT_OVNGHT,NUM_INJURED_TREATED_BY_EMT,NUM_RESIDENT_BUILDING_AFFCTD,NUM_BUSINESS_BUILDING_AFFCTD,CAUSE,CAUSE_DETAILS,PREPARER_NAME,PREPARER_TITLE,PREPARER_EMAIL,PREPARER_TELEPHONE,PREPARER_FAX,LOCAL_CONTACT_NAME,LOCAL_CONTACT_EMAIL,LOCAL_CONTACT_TELEPHONE,NARRATIVE
262,7/14/2021,2021,20210051,35690,SUPPLEMENTAL FINAL,39351,"MONARCH OIL PIPELINE, LLC","5613 DTC PARKWAY, SUITE 310",GREENWOOD VILLAGE,CO,80111,6/16/2021 13:00,CENTRAL,NO,36.1461641,-100.4415792,CRUDE OIL,,,900.0,,900.0,NO,,,,,,0,NO,,,,,,0,AIR PATROL,,OPERATOR EMPLOYEE,6/16/2021 13:00,ONSHORE,NO,,,6/16/2021 13:10,6/16/2021 13:26,1307980,,NO,,,,,,NO,NO,,,0,TX,NOT WITHIN A MUNICIPALITY,LIPSCOMB,NO,PIPELINE RIGHT-OF-WAY,NO,,,,,,,,,,,,,,,,,,,,,PIPE,PIPE BODY,,,4.5,CARBON STEEL,,0.01,GRAVITY GATHERING,NO,,,,YES,NO,YES,,,YES,,,NO,,,,,,,,,0,20000,110000,15000,250000,10000,OTHER COSTS INCLUDE METALLURGICAL AND SOIL TESTING.,405000,0,0,0,0,CORROSION FAILURE,INTERNAL CORROSION,GLEN HICKS,ENGINEERING MANAGER,ghicks@mngllc.com,832-280-5072,,JIMMY LIGHT,jlight@mngllc.com,806-217-1196,"ON 6/16/2021 AT 13:00, A COMPANY OPERATOR WAS FLYING THE PIPELINE WITH OUR BI- MONTHLY AIRPLANE PATROL. A DISCOLORATION WAS DISCOVERED AND A SECOND OPERATOR WAS DISPATCHED TO INVESTIGATE. UPON ARRIVAL IT WAS DETERMINED TO BE CRUDE OIL. THE PIPELINE HAD RECENTLY BEEN PIGGED AND EMPTIED; HOWEVER, BLOCK VALVES UPSTREAM AND DOWNSTREAM WERE SHUT TO ISOLATE THE SYSTEM. THE COMPANY'S EMERGENCY RESPONSE PLAN WAS INITIATED. THE AREA IN QUESTION WAS FENCED OFF FOR EXCAVATING ACTIVITIES. CONTAMINATED SOIL WAS TAKEN VIA TRUCK TO AN APPROVED DISPOSAL SITE.     METALLURGICAL ANALYSIS CONDUCTED ON THE CUT OUT PORTION OF PIPE DETERMINED THAT THIS PINHOLE FORMED DUE TO INTERNAL CORROSION. THE CORROSION WAS MOST LIKELY CAUSED BY MICROBIOLOGICALLY INFLUENCED CORROSION.     WE HAVE NOT, AND CURRENTLY DO NOT HAVE PLANS TO PLACE THIS PORTION OF THE PIPELINE BACK INTO SERVICE DUE TO ECONOMIC CONDITIONS. THE PIPELINE HAS BEEN LEFT UNDER A NITROGEN BLANKET FOR PREVENTATIVE MEASURES."
263,7/13/2021,2021,20210050,37329,SUPPLEMENTAL FINAL,32619,"HILAND CRUDE, LLC","1001 LOUISIANA ST, SUITE 1000",HOUSTON,TX,77002,6/14/2021 16:00,CENTRAL,YES,47.8772872,-103.2017262,CRUDE OIL,,,450.0,,72.05,NO,,,,,,0,NO,,,,,,0,NOTIFICATION FROM PUBLIC,,,6/14/2021 16:00,ONSHORE,NO,,,6/14/2021 16:25,,NRC NOTIFICATION NOT REQUIRED,,NO,,,,,,NO,NO,,,0,ND,WATFORD CITY,MCKENZIE,NO,PIPELINE RIGHT-OF-WAY,NO,,,,,,,,,,,,,,,,,,,,,PIPE,PIPE BODY,,,4.0,CARBON STEEL,,9.21,REPORTING-REGULATED GATHERING,NO,,,,YES,YES,YES,,YES,YES,,,YES,,,YES,,,,413.0,CHERRY CREEK AQUIFER,10000,26078,40320,210481,215177,4050,COST ASSOCIATED WITH METALLURGICAL REPORT,506106,0,0,0,0,CORROSION FAILURE,EXTERNAL CORROSION,DANIEL GRANT,PIPELINE ENGINEER,daniel_grant@kindermorgan.com,7134204409,,,,,"AT 4PM CENTRAL ON 6/14/21, HILAND CRUDE, LLC (HILAND) WAS NOTIFIED BY A 3RD-PARTY PUMPER AT A NEARBY LEASE SITE WHO WITNESSED CRUDE OIL IN A PUDDLE ON HILAND'S RIGHT-OF-WAY (ROW). UPON NOTIFICATION, HILAND DISPATCHED OPERATORS TO ISOLATE THE PIPELINE SEGMENT IN THE ROW. AFTER ISOLATION, HILAND BEGAN THE PROCESS TO CONFIRM THE LEAK WAS COMING FROM ITS 4"" ROCHESTER TO WATFORD INJECTION PIPELINE. ON 6/17/21, HILAND EXCAVATED AND CONFIRMED THAT THE CRUDE LEAK WAS COMING FROM SAID PIPELINE.     AFTER METALLURGICAL ANALYSIS, IT WAS CONCLUDED THAT THE APPARENT CAUSE OF THE LEAK WAS EXTERNAL CORROSION. HILAND IMPLEMENTED A CATHODIC PROTECTION SYSTEM ON THE PIPELINE IN 2020. A CONTRIBUTING FACTOR WHICH MAY HAVE PLAYED A ROLE WAS THE SURFACE DAMAGE TO THE FBE COATING STEMMING FROM MECHANICAL DAMAGE SUSPECTING TO HAVE OCCURRED DURING BACKFILLING. HILAND ALSO IMPLEMENTED ADDITIONAL BURIED VALVE INSPECTIONS ON THIS SYSTEM AS A VALVE WAS A POTENTIAL CONTRIBUTORY FACTOR FOR THIS INCIDENT.    THE LONG-TERM REMEDIATION IS BEING CONDUCTED UNDER THE AUSPICES OF THE NORTH DAKOTA DEPARTMENT OF ENVIRONMENTAL QUALITY.     ACTUAL RELEASE TIME UNKNOWN: A4. ESTIMATED BASED ON TIME HILAND WAS NOTIFIED.  ACTUAL OPERATING PRESSURE AT TIME OF FAILURE IS UNKNOWN: C2A. ESTIMATED BASED ON NORMAL OPERATING PRESSURE."
264,7/2/2021,2021,20210049,35666,SUPPLEMENTAL FINAL,39348,"NUSTAR PERMIAN TRANSPORTATION AND STORAGE, LLC",19003 IH-10 WEST,SAN ANTONIO,TX,78257,6/2/2021 5:05,CENTRAL,YES,31.85578,-101.77254,CRUDE OIL,,,690.0,,673.0,NO,,,,,,0,NO,,,,,,0,NOTIFICATION FROM PUBLIC,,,6/2/2021 8:50,ONSHORE,NO,,,6/2/2021 8:50,,NRC NOTIFICATION NOT REQUIRED,,NO,,,,,,NO,NO,,,0,TX,GARDEN CITY,GLASSCOCK,NO,"ORIGINATED ON OPERATOR-CONTROLLED PROPERTY, BUT THEN FLOWED OR MIGRATED OFF THE PROPERTY",NO,,,,,,,,,,,,,,,,,,,,,OTHER,,,DIVERT VALVE,,CARBON STEEL,,0.01,REPORTING-REGULATED GATHERING,NO,,,,YES,NO,YES,,,YES,,,NO,,,,,,,,,15500,1170,7841,0,75000,0,,99511,0,0,0,0,EQUIPMENT FAILURE,OTHER EQUIPMENT FAILURE,ALONSO RODRIGUEZ,SR. MANAGER PIPELINE SAFETY,alonso.rodriguez@nustarenergy.com,8063360712,,JAMES ROBERTSON,james.robertson@nustarenergy.com,18063711304,"A LEAK WAS DISCOVERED AT THE MIDLAND CDP SITE. A DIVERT VALVE FAILED RELEASING CRUDE OIL TO THE GROUND. THE DIVERT VALVE WAS REPLACED WITH A SPOOL PIECE. REMEDIATION IS ONGOING.     UPDATE :FAILURE OCCURRED AS HIGH CYCLE MECHANICAL FATIGUE INITIATING AT FASTENER THREAD ROOTS. NO OTHER CONTRIBUTING FACTORS OR FAILURE MODES WERE DETECTED. THERE WAS NO EVIDENCE OF PRE-EXISTING CRACKS, EMBRITTLEMENT, ENVIRONMENTAL CRACKING OR MANUFACTURING DEFECTS IN THE ORIGIN AREAS."
265,6/28/2021,2021,20210047,35437,ORIGINAL FINAL,26049,"COUNTRYMARK REFINING AND LOGISTICS, LLC","225 S.E. ST. , SUITE 44",INDIANAPOLIS,IN,46202,6/1/2021 18:55,CENTRAL,YES,38.433604,-88.403871,CRUDE OIL,,,10.0,,10.0,NO,,,,,,0,NO,,,,,,0,NOTIFICATION FROM PUBLIC,,,6/1/2021 18:53,ONSHORE,NO,,,6/1/2021 19:15,,NRC NOTIFICATION NOT REQUIRED,,NO,,,,,,YES,NO,,,0,IL,GEFF,WAYNE,NO,TOTALLY CONTAINED ON OPERATOR-CONTROLLED PROPERTY,NO,,,,,,,,,,,,,,,,,,,,,OTHER,,,PIPELINE PUMP,,CARBON STEEL,,0.01,REPORTING-REGULATED GATHERING,NO,,,,YES,NO,NO,,,,,,NO,,,,,,,,,0,700,8274,35617,0,0,,44591,0,0,0,0,OTHER OUTSIDE FORCE DAMAGE,"DAMAGE BY CAR, TRUCK, OR OTHER MOTORIZED VEHICLE/EQUIPMENT NOT ENGAGED IN EXCAVATION",BLAIR CURRIE,MANAGER OF PIPELINE INTEGRITY,blair.currie@countrymark.com,,,,,,"ON TUESDAY, JUNE 1ST AT APPROXIMATELY 6:45 PM A CAR TRAVELING AT A HIGH RATE OF SPEED SOUTH ON HIGHWAY 45 AT GEFF, ILLINOIS LEFT THE HIGHWAY AND ENTERED OUR GEFF GATHERING FACILITY, DAMAGING OUR FENCE AROUND THE M/L PUMP AND METER SYSTEM. THE CHARGE PUMP ON THE DELIVERY METER SYSTEM WAS STRUCK DAMAGING SOME PIPING CAUSING OIL TO SPRAY OUT RELEASING AN ESTIMATED 10 BARREL WHICH WAS CONTAINED IN THE BERM AROUND THE AREA. THE LANDOWNER NEXT DOOR TO THE FACILITY NOTIFIED MT. VERNON PIPE OPS WHO THEN CALLED THE LOGISTICS MAINTENANCE MANAGER. AT 6:55 THE MAINTENANCE FOREMAN DISPATCHED CREWS FROM BOTH MT. VERNON, INDIANA AND FAIRFIELD, ILLINOIS TO THE SCENE. AT APPROXIMATELY 7:15 PM A RESPONSE MEMBER ARRIVED ON THE SCENE AND PROCEEDED TO DEACTIVATE THE POWER AND ISOLATE THE DAMAGED AREA STOPPING THE RELEASE OF OIL. BY 8:00 PM 5 MEMBERS OF THE MT. VERNON CREW AND 8 MEMBERS OF THE FAIRFIELD CREW HAD ARRIVED ON SIGHT AND STARTED CLEANUP. BY 9:00 PM THE WRECKER HAD REMOVED THE CAR FROM THE FACILITY AND LEFT ALLOWING FOR TEMPORARY REPAIRS TO BE MADE TO THE DAMAGED PIPING. ALL FREE OIL WAS PICKED UP, LOCKOUT AND TAG OUT INSTALLED, TRUCKING DEPARTMENT NOTIFIED THAT THE STATION WAS OUT OF SERVICE, AND TEMPORARY REPAIRS MADE BEFORE CREWS WERE SENT HOME FOR THE NIGHT @ 9:45 PM."
266,7/1/2021,2021,20210048,35689,SUPPLEMENTAL FINAL,39351,"MONARCH OIL PIPELINE, LLC","5613 DTC PARKWAY, SUITE 310",GREENWOOD VILLAGE,CO,80111,5/18/2021 14:15,CENTRAL,YES,36.086389,-100.290278,CRUDE OIL,,,75.0,,75.0,NO,,,,,,0,NO,,,,,,0,"LOCAL OPERATING PERSONNEL, INCLUDING CONTRACTORS",,OPERATOR EMPLOYEE,5/18/2021 14:15,ONSHORE,NO,,,5/18/2021 14:15,5/18/2021 15:30,NRC NOTIFICATION NOT REQUIRED,1305360,NO,,,,,,NO,NO,,,0,TX,NOT WITHIN A MUNICIPALITY,LIPSCOMB,NO,PIPELINE RIGHT-OF-WAY,NO,,,,,,,,,,,,,,,,,,,,,PIPE,PIPE BODY,,,6.625,CARBON STEEL,,0.01,GRAVITY GATHERING,NO,,,,YES,NO,YES,,,YES,,,NO,,,,,,,,,0,5000,90000,10000,225000,25000,OTHER COSTS INCLUDE METALLURGICAL AND SOIL TESTING,355000,0,0,0,0,CORROSION FAILURE,INTERNAL CORROSION,GLEN HICKS,ENGINEERING MANAGER,ghicks@mngllc.com,8322805072,,JIMMY LIGHT,jlight@mngllc.com,806-217-1196,"ON 5/18/2021 AT 14:15, A COMPANY OPERATOR WAS CONDUCTING ROUTINE ROW INSPECTION AND DISCOVERED A DISCOLORATION ON THE SURFACE. UPON CLOSER EXAMINATION IT WAS DETERMINED TO BE CRUDE OIL. THE COMPANY'S EMERGENCY RESPONSE PLAN WAS INITIATED AND UPSTREAM AND DOWNSTREAM VALVES WERE MANUALLY SHUT. THE SAME DAY AT 15:50 AN EXCAVATION CREW WAS ON-SITE TO BEGIN UNCOVERING THE PIPELINE, DETERMINE EXACT LOCATION OF LEAK, AND CLAMP LEAK. THE PIPELINE WAS NITROGEN PIGGED TO ENSURE THE LINE WAS EMPTY AND THEN THE PIECE OF PIPE IN QUESTION WAS CUT OUT AND REPLACED WITH A PRE-TESTED PIECE. CONTAMINATED SOIL WAS TAKEN TO A PROPERLY PREPARED AREA FOR REMEDIATION AND CLEAN SOIL WAS PLACED IN THE DITCH TO COVER THE PIPELINE.    A HYDRAULIC STUDY WAS COMMISSIONED TO ESTIMATE TOTAL NUMBER OF BARRELS LOST.     THE METALLURGICAL REPORT THAT WAS COMMISSIONED CONCLUDED THAT THE PINHOLES WERE CAUSE BY INTERNAL CORROSION. THE LIKELY CAUSE WAS MICROBIOLOGICALLY INFLUENCED CORROSION.     WE HAVE NOT, AND CURRENTLY DO NOT HAVE PLANS TO PLACE THIS PORTION OF THE PIPELINE BACK INTO SERVICE DUE TO ECONOMIC CONDITIONS. THE PIPELINE HAS BEEN LEFT WITH A NITROGEN BLANKET FOR PREVENTATIVE MEASURES."
267,6/4/2021,2021,20210046,35396,SUPPLEMENTAL FINAL,32011,"HOLLY ENERGY PARTNERS - OPERATING, L.P.",2828 N. HARWOOD SUITE 1300,DALLAS,TX,75201,5/7/2021 20:30,MOUNTAIN,YES,32.802844,-104.098498,CRUDE OIL,,,0.8,,0.8,NO,,,,,,0,NO,,,,,,0,NOTIFICATION FROM PUBLIC,,,5/7/2021 20:15,ONSHORE,NO,,,5/7/2021 20:30,,NRC NOTIFICATION NOT REQUIRED,,NO,,,,,,NO,NO,,,0,NM,NOT WITHIN A MUNICIPALITY,EDDY,NO,"ORIGINATED ON OPERATOR-CONTROLLED PROPERTY, BUT THEN FLOWED OR MIGRATED OFF THE PROPERTY",NO,,,,,,,,,,,,,,,,,,,,,PIPE,PIPE BODY,,,2.375,CARBON STEEL,,1.0,REPORTING-REGULATED GATHERING,NO,,,,YES,NO,NO,,,,,,NO,,,,,,,,,0,60,10000,0,0,0,,10060,0,0,0,0,CORROSION FAILURE,INTERNAL CORROSION,BRIDGETTE TAYLOR,PIPELINE REGULATORY MANAGER,bridgette.taylor@hollyenergy.com,214-954-6652,,BRIDGETTE TAYLOR,bridgette.taylor@hollyenergy.com,214-954-6652,"ON MAY 7TH AT APPX. 7:35 PM MDT, FIELD PERSONNEL RECEIVED A CALL ON A POSSIBLE LEAK AT SCHLEY LEASE AREA. AT APPX. 8:30 PM MDT, FIELD PERSONNEL ARRIVED ON-SITE AND IDENTIFIED THE LEAK OCCURRING ON THE LOW PRESSURE (SUCTION) SIDE OF THE PUMP FROM THE LACT UNIT AT THE LEASE. IN TOTAL, APPX. .82 BBL. OF CRUDE OIL WAS RELEASED. CLEAN UP OF THE OIL BEGAN SHORTLY AFTER FIELD PERSONNEL ARRIVED WITH REMOVAL BY A VAC TRUCK AND THE REMAINING OIL DUG UP FROM THE CONTAMINATED SOIL AND DISPOSED OF.    THE CAUSE OF THE LEAK WAS FOUND TO BE INTERNAL CORROSION DUE TO ISOLATED PITTING LIKELY CAUSED BY INTERMITTENT FLOW AND LOW FLOW VELOCITIES.     AS PER NEW LANGUAGE WITHIN 49 CFR 195.15 THAT TOOK EFFECT ON JANUARY 1, 2021; NRC WAS NOT NOTIFIED AT THE TIME OF THE INCIDENT AND THIS REPORT IS BEING COMPLETED TO MEET THE REQUIREMENTS OF THE 30-DAY WRITTEN NOTIFICATION."
268,6/1/2021,2021,20210044,35868,SUPPLEMENTAL FINAL,31684,PHILLIPS 66 PIPELINE LLC,2331 CITYWEST BLVD,HOUSTON,TX,77042,5/6/2021 8:50,CENTRAL,NO,33.285573,-98.308822,CRUDE OIL,,,72.0,,72.0,NO,,,,,,0,NO,,,,,,0,CPM LEAK DETECTION SYSTEM,,,5/6/2021 9:15,ONSHORE,YES,OPERATOR,5/6/2021 9:40,5/6/2021 9:20,5/6/2021 10:12,1304415,1304422,NO,,,,,,YES,YES,5/6/2021 9:45,5/6/2021 11:30,0,TX,NOT WITHIN A MUNICIPALITY,JACK,NO,PIPELINE RIGHT-OF-WAY,NO,,,,,,,,,,,,,,,,,,,,,PIPE,PIPE BODY,,,8.0,CARBON STEEL,,14.0,REPORTING-REGULATED GATHERING,NO,,,,YES,NO,YES,,,YES,,,YES,,YES,,,,,0.1,UN-NAMED SURFACE POND,10000,4680,7500,88000,106000,0,,216180,0,0,0,0,CORROSION FAILURE,EXTERNAL CORROSION,JEFF BLATCHFORD,,jeff.m.blatchford@p66.com,580-767-4206,,JEFF BLATCHFORD,jeff.m.blatchford@p66.com,580-716-7743,"ON 5/6/21 A 3RD PARTY CONTACTED P66 CLAIMING THERE WAS CRUDE IN THE ROW NEAR RONEY RD. BETWEEN PREDO AND GRAHAM TX. RESPONSE WAS IMMEDIATELY INITIATED. CRUDE OIL WAS VERIFIED IN THE ROW AND ADJACENT LANDOWNERS POND AT 9:15 AM BY PHILLIPS 66 PERSONNEL.  THE LINE WAS EXCAVATED, CLAMPED AND RETURNED TO SERVICE ON 5-7-2021.  THE CAUSE APPEARS TO BE EXTERNAL CORROSION BASED ON VISUAL OBSERVATION.    2021-10-08 - UPDATED NARRATIVE DESCRIPTION PER PHMSA AND RRC OF TX REQUEST TO INCLUDE THE FOLLOWING:  PHMSA COMMENT - PLEASE EXPLAIN WHY INITIAL LEAK INDICATION IS LISTED AS CPM IN THE REPORT BUT THE NARRATIVE DESCRIPTION STATES A 3RD PARTY NOTIFIED P66 OF THE RELEASE.  P66 RESPONSE - THE INITIAL INDICATION WAS A CPM LEAK DETECTION ALARM, CONFIRMED DISCOVERY OCCURRED WHEN THE 3RD PARTY NOTIFIED P66 OF A CRUDE OIL RELEASE.  THE 3RD PARTY CALL CAME IN AS P66 PERSONNEL WERE INVESTIGATING THE LEAK ALARM AND BEFORE WE MADE CONFIRMED DISCOVERY OURSELVES.  RRC OF TX COMMENTS:  PLEASE ADD THE FOLLOWING TO THE REPORT:  1) HOLE SIZE - 0.2"" BASED ON PIPE EVALUATION REPORT RECEIVED ON 10-07-2021  2) PLAN TO PREVENT REOCCURRENCE - P66 CUT OUT AND REPLACED THE FAILED SECTION OF PIPE ON 06-15-2021.  AN ENTEGRA HIGH RESOLUTION MFL/CALIPER TOOL RUN WAS PERFORMED ON 8-26-2021 AND THE VENDOR PRELIMINARY REPORT RETURNED ZERO IMMEDIATE/PRIORITY FEATURES."
269,6/2/2021,2021,20210045,35350,ORIGINAL FINAL,30829,ENTERPRISE CRUDE PIPELINE LLC,1100 LOUISIANA STREET,HOUSTON,TX,77002,5/5/2021 9:25,CENTRAL,YES,32.5543,-102.9787,CRUDE OIL,,,0.5,,0.5,NO,,,,,,0,NO,,,,,,0,"LOCAL OPERATING PERSONNEL, INCLUDING CONTRACTORS",,OPERATOR EMPLOYEE,5/5/2021 9:25,ONSHORE,NO,,,5/5/2021 9:25,,NRC NOTIFICATION NOT REQUIRED,,NO,,,,,,NO,NO,,,0,TX,,GAINES,NO,TOTALLY CONTAINED ON OPERATOR-CONTROLLED PROPERTY,NO,,,,,,,,,,,,,,,,,,,,,OTHER,,,90 DEGREE PIPE CONNECTION,,CARBON STEEL,,0.322,REPORTING-REGULATED GATHERING,NO,,,,YES,NO,YES,,,YES,,,NO,,,,,,,,,0,33,1000,8000,0,0,,9033,0,0,0,0,CORROSION FAILURE,INTERNAL CORROSION,YAROSLAV BIL,PIPELINE COMPLIANCE ENGINEER,ybil@eprod.com,713-381-5650,,YAROSLAV BIL,ybil@eprod.com,713-381-5650,"AT 9:25 AM ON 5/05/2021, ENTERPRISE TECHNICIAN, WHILE CONDUCTING STATION ROUNDS, DISCOVERED CRUDE OIL ON THE GROUND AROUND THE PUMP. THE MAINLINE PUMP AND THE SUMP PUMP WAS SHUT DOWN.     THE CAUSE WAS DETERMINED TO BE INTERNAL CORROSION ON A BURIED 90 DEGREE SUMP DISCHARGE LINE ELL THAT DEVELOPED A PINHOLE IN THE PIPE. THE SUMP DISCHARGE PIPING ALONG WITH ALL ITS CONNECTIONS WAS REPLACED.      ALL SOIL REMEDIATED."
270,5/17/2021,2021,20210042,37058,SUPPLEMENTAL FINAL,39649,"IRONWOOD MIDSTREAM ENERGY PARTNERS, LLC","15727 ANTHEM PARKWAY, SUITE 510",SAN ANTONIO,TX,78249,4/20/2021 15:09,CENTRAL,YES,29.033925,-97.836892,CRUDE OIL,,,1.67,,0.0,NO,,,,,,0,NO,,,,,,0,"LOCAL OPERATING PERSONNEL, INCLUDING CONTRACTORS",,OPERATOR EMPLOYEE,4/20/2021 15:09,ONSHORE,NO,,,4/20/2021 15:09,,NRC NOTIFICATION NOT REQUIRED,,NO,,,,,,NO,NO,,,0,TX,,KARNES,NO,TOTALLY CONTAINED ON OPERATOR-CONTROLLED PROPERTY,NO,,,,,,,,,,,,,,,,,,,,,OTHER,,,STRAINER GASKET,,MATERIAL OTHER THAN CARBON STEEL,GASKET MATERIAL,,REPORTING-REGULATED GATHERING,NO,,,,YES,NO,NO,,,,,,NO,,,,,,,,,0,115,0,0,1500,0,,1615,0,0,0,0,INCORRECT OPERATION,WRONG EQUIPMENT SPECIFIED OR INSTALLED,CHRIS WILLIAMS,SR. PIPELINE COMPLIANCE PROFESSIONAL,chris.williams@flatrockenergy.net,806-759-6499,,GERON HENDRICKSON,geron.hendrickson@ironwoodmidstream.com,210-840-6622,"ON APRIL 20 AT APPROXIMATELY 13:09, IRONWOOD LOCAL OPERATING PERSONNEL NOTICED A CRUDE LEAK COMING FROM THE LACT UNIT SUCTION STRAINER BASKET. THE OPERATOR SHUT THE SUCTION VALVE TO THE PUMP TO STOP THE LEAK. AND BEGIN THE REMEDIATION PROCESS. IT WAS FOUND THAT THE STRAINER HAD AN O-RING INSTALLED INSTEAD OF A GASKET, AND THIS CAUSED THE RELEASE. THE OPERATOR INSTALLED THE CORRECT GASKET AND PUT THE SYSTEM BACK INTO SERVICE.   TO MITIGATE RE-OCCURRENCE OPERATIONS PERSONNEL INSPECTED LIKE EQUIPMENT TO ENSURE THE CORRECT GASKETS WERE INSTALLED."
271,5/17/2021,2021,20210043,35297,SUPPLEMENTAL FINAL,31888,CENTURION PIPELINE L.P.,1300 MAIN STREET,HOUSTON,TX,77002,4/17/2021 16:30,CENTRAL,YES,31.529,-101.807,CRUDE OIL,,,5.0,,5.0,NO,,,,,,0,NO,,,,,,0,NOTIFICATION FROM PUBLIC,,,4/17/2021 16:30,ONSHORE,NO,,,4/17/2021 17:27,,NRC NOTIFICATION NOT REQUIRED,,NO,,,,,,YES,NO,,,0,TX,NOT WITHIN MUNICIPALITY,UPTON,NO,PIPELINE RIGHT-OF-WAY,NO,,,,,,,,,,,,,,,,,,,,,PIPE,PIPE BODY,,,6.0,CARBON STEEL,,3.9,REPORTING-REGULATED GATHERING,NO,,,,YES,NO,YES,,,YES,,,NO,,,,,,,,,375,316,7249,1592,7546,0,,17078,0,0,0,0,CORROSION FAILURE,INTERNAL CORROSION,JOSHUA MCCULLOCH,PROJECT ENGINEER,joshua_mcculloch@centurionpl.com,346-803-2869,713-215-7455,,,,"ON APRIL 17, 2021, AT APPROXIMATELY 16:30 CST, AN EMPLOYEE OF TARGA RESOURCES REPORTED A POSSIBLE LEAK ON THE ELKINS SOUTH TRUNK 6"" NON-REGULATED GATHERING LINE NEAR MIDKIFF, TEXAS IN UPTON COUNTY, TEXAS. TARGA RESOURCES RESPONDED TO A CALL FROM THE LANDOWNER REGARDING A POSSIBLE LEAK, AND NOTIFIED CENTURION PIPELINE LP (CPL) UPON DISCOVERING THE LEAK ORIGINATED FROM A CPL PIPELINE. CPL IMMEDIATELY DISPATCHED A COMPANY EMPLOYEE TO THE LOCATION. ON APRIL 17, 2021, AT APPROXIMATELY 17:27 CST, CPL RESOURCES ARRIVED ON-SITE AND DETERMINED THE SOURCE OF THE LEAK TO BE THE ELKINS SOUTH TRUNK 6"" PIPELINE. CPL PROMPTLY ISOLATED THE LEAK AND BEGAN CLEAN UP EFFORTS. HOWEVER, FIVE (5) BARRELS OF CRUDE OIL WERE RELEASED. CPL REMEDIATED THE CONTAMINATED SOIL ON SITE. NO INJURIES, FATALITIES, OR FIRES WERE ASSOCIATED WITH THIS INCIDENT.    DURING THE ROOT CAUSE ANALYSIS, CPL DETERMINED THE CAUSE OF LEAK TO BE INTERNAL CORROSION ATTRIBUTED TO LOW FLOW AND A PIPING CONFIGURATION THAT DOES NOT ACCOMMODATE MAINTENANCE PIGS. IN ORDER TO PREVENT RECURRENCE, CPL WILL EVALUATE THE NON-REGULATED, GATHERING PIPELINE TO DETERMINE IF PRODUCT THROUGHPUT SUPPORTS THE DEVELOPMENT OF A PERMANENT INTERNAL CORROSION MITIGATION PLAN THAT WILL PERMIT A SAFE, CONTINUED OPERATION. IF EXPECTED THROUGHPUT DOES NOT SUPPORT A REHABILITATION PLAN, CPL WILL PURGE AND IDLE THE ELKINS SOUTH TRUNK 6"" PIPELINE.     SUPPLEMENTAL FINAL REPORT FILED ON 05/18/2021:    UPDATED PART A5 TO CORRECT A TRANSCRIPTION ERROR FOR LATITUDE FROM '32.52900' TO '31.52900.'"