,REPORT_RECEIVED_DATE,IYEAR,REPORT_NUMBER,SUPPLEMENTAL_NUMBER,REPORT_TYPE,OPERATOR_ID,NAME,OPERATOR_STREET_ADDRESS,OPERATOR_CITY_NAME,OPERATOR_STATE_ABBREVIATION,OPERATOR_POSTAL_CODE,LOCAL_DATETIME,TIME_ZONE,DAYLIGHT_SAVINGS_IND,LOCATION_LATITUDE,LOCATION_LONGITUDE,COMMODITY_RELEASED_TYPE,COMMODITY_SUBTYPE,COMMODITY_DETAILS,UNINTENTIONAL_RELEASE_BBLS,INTENTIONAL_RELEASE_BBLS,RECOVERED_BBLS,FATALITY_IND,NUM_EMP_FATALITIES,NUM_CONTR_FATALITIES,NUM_ER_FATALITIES,NUM_WORKER_FATALITIES,NUM_GP_FATALITIES,FATAL,INJURY_IND,NUM_EMP_INJURIES,NUM_CONTR_INJURIES,NUM_ER_INJURIES,NUM_WORKER_INJURIES,NUM_GP_INJURIES,INJURE,ACCIDENT_IDENTIFIER,ACCIDENT_DETAILS,OPERATOR_TYPE,INCIDENT_IDENTIFIED_DATETIME,ON_OFF_SHORE,COMMUNICATION_STATE_FED_IND,PARTY_INITIATED_COMMUNICATION,INITIAL_RESPONDER_COM_DATETIME,ON_SITE_DATETIME,NRC_RPT_DATETIME,NRC_RPT_NUM,ADDITIONAL_NRC_REPORT_NUMBERS,IGNITE_IND,IGNITE_DATETIME,HOW_EXTINGUISHED,HOW_EXTINGUISHED_OTHER_DETAIL,PRODUCT_CONSUMED_BY_FIRE_BBLS,EXPLODE_IND,OIL_SPILL_RESP_PLAN_IND,OSRO_MOBILIZED_IND,OSRO_OPERATOR_NOTIFIED_DT,OSRO_ARRIVED_ON_SITE_DT,NUM_PUB_EVACUATED,ONSHORE_STATE_ABBREVIATION,ONSHORE_CITY_NAME,ONSHORE_COUNTY_NAME,FEDERAL,LOCATION_TYPE,CROSSING,BRIDGE_CROSSING_IND,BRIDGE_TYPE,RAILROAD_CROSSING_IND,RAILROAD_TYPE,ROAD_CROSSING_IND,ROAD_TYPE,WATER_CROSSING_IND,WATER_TYPE,WATER_NAME,WATER_DEPTH,WATER_SUBTYPE,YEAR_RECENT_ENG_EVALUATION,OFF_ACCIDENT_ORIGIN,OFFSHORE_STATE_ABBREVIATION,OFF_INSTATE_AREA,OFF_INSTATE_BLOCK,OFFSHORE_COUNTY_NAME,OCS_TYPE,OFF_OCS_AREA,OFF_OCS_BLOCK,ITEM_INVOLVED,PIPE_TYPE,JOINT_SUBTYPE,ITEM_INVOLVED_DETAILS,PIPE_DIAMETER,MATERIAL_INVOLVED,MATERIAL_DETAILS,PERCENT_PIPE_SMYS,CLASSIFICATION_PIPELINE_SYSTEM,WILDLIFE_IMPACT_IND,FISH_AQUATIC_IMPACT_IND,BIRDS_IMPACT_IND,TERRESTRIAL_IMPACT_IND,SOIL_CONTAMINATION,LONG_TERM_ASSESSMENT,REMEDIATION_IND,SURFACE_WATER_REMED_IND,GROUNDWATER_REMED_IND,SOIL_REMED_IND,VEGETATION_REMED_IND,WILDLIFE_REMED_IND,WATER_CONTAM_IND,OCEAN_SEAWATER_IND,SURFACE_CONTAM_IND,GROUNDWATER_CONTAM_IND,DRINKING_WATER_CONTAM_IND,PRIVATE_WELL_CONTAM_IND,PUBLIC_WATER_CONTAM_IND,AMOUNT_RELEASED_BBLS,REL_WATER_NAME,EST_COST_OPER_PAID,EST_COST_GAS_RELEASED,EST_COST_PROP_DAMAGE,EST_COST_EMERGENCY,EST_COST_ENVIRONMENTAL,EST_COST_OTHER,EST_COST_OTHER_DETAILS,PRPTY,NUM_PERSONS_HOSP_NOT_OVNGHT,NUM_INJURED_TREATED_BY_EMT,NUM_RESIDENT_BUILDING_AFFCTD,NUM_BUSINESS_BUILDING_AFFCTD,CAUSE,CAUSE_DETAILS,PREPARER_NAME,PREPARER_TITLE,PREPARER_EMAIL,PREPARER_TELEPHONE,PREPARER_FAX,LOCAL_CONTACT_NAME,LOCAL_CONTACT_EMAIL,LOCAL_CONTACT_TELEPHONE,NARRATIVE
272,5/7/2021,2021,20210038,35257,ORIGINAL FINAL,18718,SUNOCO PIPELINE L.P.,1300 MAIN STREET,HOUSTON,TX,77002,4/15/2021 8:30,CENTRAL,YES,30.011234,-94.943196,CRUDE OIL,,,4.0,,4.0,NO,,,,,,0,NO,,,,,,0,NOTIFICATION FROM THIRD PARTY THAT CAUSED THE ACCIDENT,,,4/15/2021 9:00,ONSHORE,NO,,,4/15/2021 9:00,,NRC NOTIFICATION NOT REQUIRED,,NO,,,,,,NO,NO,,,0,TX,DAYTON,LIBERTY,NO,PIPELINE RIGHT-OF-WAY,NO,,,,,,,,,,,,,,,,,,,,,PIPE,PIPE BODY,,,4.0,CARBON STEEL,,0.01,REPORTING-REGULATED GATHERING,NO,,,,YES,NO,YES,,,YES,,,NO,,,,,,,,,0,240,1000,1160,0,0,,2400,0,0,0,0,EXCAVATION DAMAGE,EXCAVATION DAMAGE BY THIRD PARTY,NICKLAS PAVLOVSKY,DOT COMPLIANCE SPECIALIST,nicklas.pavlovsky@energytransfer.com,7139894527,,CHRIS KRESTA,chris.kresta@energytransfer.com,9795319036,"ON 04/15/21 AT APPROXIMATELY 8:30AM A CONTRACTOR WORKING FOR TXDOT ON THE GRAND PKWY PROJECT STRUCK THE TOP OF THE 4INCH ESPERSON PIPELINE WITH EARTH MOVING EQUIPMENT, RELEASING 4 BARRELS OF CRUDE ONTO THE GROUND. THE IDLED PIPELINE WAS BEING NITROGEN PURGED FOR RELOCATION DUE TO THE ROAD PROJECT. THE CONTRACTOR HAD NOT MADE ANY NOTIFICATIONS WITH ONE CALL AND THE PIPELINE WAS CLEARLY AND ADEQUATELY MARKED. THE CONTRACTOR DID NOT HAVE AUTHORIZATION TO BREAK THE NATURAL GRADE ON THE PIPELINE. THE PURGE WAS STOPPED, AND A VAC TRUCK WAS BROUGHT OUT TO PICK UP ALL FREE PRODUCT AND REMOVE THE CONTAMINATED SOIL. THE AFFECTED SECTION OF PIPE WAS CUT, CAPPED AND REMOVED FOR THE RELOCATION PROJECT SINCE THIS SECTION WAS IN THE AREA THAT HAD TO BE MOVED FOR THE TXDOT PROJECT."
273,5/10/2021,2021,20210041,35265,ORIGINAL FINAL,40136,"IRONWOOD GARDENDALE PIPELINE, LLC",15727 ANTHEM PARKWAY STE 510,SAN ANTONIO,TX,78249,4/13/2021 8:30,CENTRAL,YES,28.509982,-99.412849,CRUDE OIL,,,6.68,,4.52,NO,,,,,,0,NO,,,,,,0,"LOCAL OPERATING PERSONNEL, INCLUDING CONTRACTORS",,OPERATOR EMPLOYEE,4/13/2021 8:30,ONSHORE,NO,,,4/13/2021 8:30,,NRC NOTIFICATION NOT REQUIRED,,NO,,,,,,NO,NO,,,0,TX,,DIMMIT,NO,TOTALLY CONTAINED ON OPERATOR-CONTROLLED PROPERTY,NO,,,,,,,,,,,,,,,,,,,,,OTHER,,,.5-INCH STRAINER DRAIN VALVE,,CARBON STEEL,,18.0,REPORTING-REGULATED GATHERING,NO,,,,YES,NO,NO,,,,,,NO,,,,,,,,,0,400,0,0,4500,0,,4900,0,0,0,0,INCORRECT OPERATION,"TANK, VESSEL, OR SUMP/SEPARATOR ALLOWED OR CAUSED TO OVERFILL OR OVERFLOW",CHRIS WILLIAMS,SR. PIPELINE COMPLIANCE PROFESSIONAL,chris.williams@flatrockenergy.net,806-759-6499,,GERON HENDRICKSON,geron.hendrickson@ironwoodmidstream.com,210-840-6622,"ON APRIL 13, 2021 AT APPROXIMATELY 08:30 AM, IRONWOOD LOCAL OPERATOR DISCOVERED A CRUDE RELEASE AT THE LAZY AG SITE. THE OPERATOR FOUND A .5-INCH VALVE ON THE STRAINER BASKET PARTIALLY OPEN AND CAUSED THE SUMP TO OVERFILL. THE VALVE HAD BEEN CLOSED AND CARSEALED ON 4/8/2021, BUT AT THE TIME OF DISCOVERY THE CARSEAL WAS MISSING FROM THE VALVE. THE OPERATOR IMMEDIATELY CLOSED THE VALVE AND STOPPED THE FLOW OF CRUDE INTO THE SUMP AND REPORTED TO IS SUPERVISOR. HE THEN DISPATCHED A VAC TRUCK TO THE SITE TO RECOVER ALL STANDING LIQUIDS AND BEGAN THE ENVIRONMENTAL REMEDIATION PROCESS. THE SITE WILL BE REMEDIATED WITH ALL STATE AND FEDERAL REGULATIONS.   TO MITIGATE FUTURE RE-OCCURRENCE THE LOCKING DEVICE WAS RE-INSTALLED ON THE VALVE AND ALL OTHER VALVES THAT ARE LOCKED OPEN OR CLOSED WERE INSPECTED TO ENSURE LOCKING DEVICES WERE IN PLACE AND VALVES WERE IN THE CORRECT POSITION."
274,5/3/2021,2021,20210037,35236,ORIGINAL FINAL,26049,"COUNTRYMARK REFINING AND LOGISTICS, LLC","225 S.E. ST. , SUITE 44",INDIANAPOLIS,IN,46202,4/12/2021 5:00,CENTRAL,YES,37.980809,-88.057139,CRUDE OIL,,,0.47,,0.47,NO,,,,,,0,NO,,,,,,0,"LOCAL OPERATING PERSONNEL, INCLUDING CONTRACTORS",,OPERATOR EMPLOYEE,4/12/2021 9:20,ONSHORE,NO,,,4/12/2021 10:30,,NRC NOTIFICATION NOT REQUIRED,,NO,,,,,,YES,NO,,,0,IL,EMMA,WHITE,NO,TOTALLY CONTAINED ON OPERATOR-CONTROLLED PROPERTY,NO,,,,,,,,,,,,,,,,,,,,,OTHER,,,STRAINER ON A METER-SET,,CARBON STEEL,,0.01,REPORTING-REGULATED GATHERING,NO,,,,YES,NO,NO,,,,,,NO,,,,,,,,,0,25,2000,1911,0,0,,3936,0,0,0,0,CORROSION FAILURE,INTERNAL CORROSION,BLAIR CURRIE,MANAGER OF PIPELINE INTEGRITY,blair.currie@countrymark.com,8128388555,,BLAIR CURRIE,blair.currie@countrymark.com,8128388555,"ON APRIL 12, 2021 THE PIPELINE GAUGER WAS PERFORMING HIS DAILY FACILITY INSPECTION AT HUBELE STATION. HE NOTICED CRUDE OIL AROUND THE METER. AFTER INSPECTION, HE IDENTIFIED A SMALL CORROSION HOLE IN THE STRAINER WAS LEAKING. RESPONSE CREWS CLEANED AND REMOVED THE OIL AND THE STRAINER WAS REPLACED."
275,5/10/2021,2021,20210040,35264,ORIGINAL FINAL,32619,"HILAND CRUDE, LLC","1001 LOUISIANA ST, SUITE 1000",HOUSTON,TX,77002,4/11/2021 10:20,CENTRAL,YES,48.11087,-103.76851,CRUDE OIL,,,0.5,,0.5,NO,,,,,,0,NO,,,,,,0,"LOCAL OPERATING PERSONNEL, INCLUDING CONTRACTORS",,OPERATOR EMPLOYEE,4/11/2021 10:20,ONSHORE,NO,,,4/11/2021 10:15,,NRC NOTIFICATION NOT REQUIRED,,NO,,,,,,NO,NO,,,0,ND,,WILLIAMS,NO,TOTALLY CONTAINED ON OPERATOR-CONTROLLED PROPERTY,NO,,,,,,,,,,,,,,,,,,,,,OTHER,,,BOLTED BODY ISOLATION VALVE AT SEAM,,CARBON STEEL,,4.1,REPORTING-REGULATED GATHERING,NO,,,,YES,NO,YES,,,YES,,,NO,,,,,,,,,0,25,480,0,100,0,,605,0,0,0,0,EQUIPMENT FAILURE,"FAILURE OF EQUIPMENT BODY (EXCEPT PUMP), TANK PLATE, OR OTHER MATERIAL",KRISTIN VAN DER LAAN,ENGINEERING MANAGER - CODES AND STANDARDS,kristin_vanderlaan@kindermorgan.com,303-914-7753,,,,,"SPILL/RELEASE OF 19.7 GALLONS OF CRUDE OIL PER SPILL CALCULATOR ON PRODUCER'S LOCATION (CAROLINE 1-2H) OUTSIDE OF KM LACT CONTAINMENT. OPERATION SPECIALIST ARRIVED ON SITE TO FIND ONE OF THE PROVING LINE'S PRIMARY ISOLATION VALVES HAD FAILED AT THE VALVE BODY SEAM.  SYSTEM WAS ISOLATED WITH INVESTIGATION AND CLEANUP COMMENCING.  NO INJURIES OR THIRD PARTY INVOLVEMENT. NO EMERGENCY RESPONDERS.  PROBABLE CAUSE: COLD OIL WITHIN THE VALVE, OUTSIDE TEMPERATURES HEATED UP (30 TO 40 DEGREE INCREASE) CAUSING THERMAL INSIDE THE VALVE, RESULTING IN A RELEASE.  ACTUAL RELEASE TIME UNKNOWN: A4. ESTIMATED BASED ON ARRIVAL TIME."
276,5/7/2021,2021,20210039,35797,SUPPLEMENTAL FINAL,39348,"NUSTAR PERMIAN TRANSPORTATION AND STORAGE, LLC",19003 IH-10 WEST,SAN ANTONIO,TX,78257,4/9/2021 10:05,CENTRAL,NO,32.22316,-101.75764,CRUDE OIL,,,54.0,,50.0,NO,,,,,,0,NO,,,,,,0,NOTIFICATION FROM PUBLIC,,,4/9/2021 10:05,ONSHORE,NO,,,4/9/2021 10:25,,NRC NOTIFICATION NOT REQUIRED,,NO,,,,,,NO,NO,,,0,TX,STANTON,MARTIN,NO,"ORIGINATED ON OPERATOR-CONTROLLED PROPERTY, BUT THEN FLOWED OR MIGRATED OFF THE PROPERTY",NO,,,,,,,,,,,,,,,,,,,,,"JOINT, INCLUDING HEAT-AFFECTED ZONE",,FILLET JOINT,,,CARBON STEEL,,0.01,REPORTING-REGULATED GATHERING,NO,,,,YES,NO,NO,,,,,,NO,,,,,,,,,200,239,11140,0,27940,0,,39519,0,0,0,0,MATERIAL FAILURE OF PIPE OR WELD,"DESIGN-, CONSTRUCTION-, INSTALLATION-, OR FABRICATION-RELATED",ALONSO RODRIGUEZ,SR. MANAGER PIPELINE SAFETY,alonso.rodriguez@nustarenergy.com,8063360712,,JAMES ROBERTSON,james.robertson@nustarenergy.com,18063711304,A THIRD PARTY PUMPER INFORMED NUSTAR PERSONNEL ABOUT A LEAK AT THE LARIO DOOLITTLE SITE.  NUSTAR'S ONSITE INVESTIGATION IDENTIFIED A CRACKED BRANCHETTE WHICH RESULTED IN A RELEASE OF CRUDE OIL ONTO THE SOIL.  THE LINE WAS DRAINED DOWN AND THE FAILED SECTION WAS CUT OUT AND REPLACED ELIMINATING THE BRANCHETTE. REMEDIATION IS ONGOING.    UPDATE: THE BRANCHETTE WELD CRACKED DUE TO VIBRATION CAUSED BY THE COUPLER GOING OUT ON THE LACT PUMP. IT WAS IN THE FILLET WELD.
277,4/21/2021,2021,20210031,35197,ORIGINAL FINAL,32099,ENERGY TRANSFER COMPANY,1300 MAIN STREET,HOUSTON,TX,77002,4/1/2021 8:53,CENTRAL,YES,28.04184,-99.66727,CRUDE OIL,,,30.0,,30.0,NO,,,,,,0,NO,,,,,,0,"LOCAL OPERATING PERSONNEL, INCLUDING CONTRACTORS",,OPERATOR EMPLOYEE,3/24/2021 11:00,ONSHORE,NO,,,3/24/2021 11:00,4/1/2021 9:39,1301736,1301764 1301775 130181,NO,,,,,,NO,NO,,,0,TX,CATARINA,WEBB,NO,PIPELINE RIGHT-OF-WAY,NO,,,,,,,,,,,,,,,,,,,,,PIPE,PIPE BODY,,,6.0,CARBON STEEL,,33.0,REPORTING-REGULATED GATHERING,NO,,,,YES,YES,YES,,,YES,,,NO,,,,,,,,,0,0,87000,0,120000,0,,207000,0,0,0,0,CORROSION FAILURE,INTERNAL CORROSION,TIMOTHY BUNAG,ENGINEER - REGULATORY COMPLIANCE,timothy.bunag@energytransfer.com,832-294-5324,,CHRIS KRESTA,chris.kresta@energytransfer.com,7139897077,"ON MARCH 24, 2021, AT APPROXIMATELY 11:00 AM, ENERGY TRANSFER OPERATIONS PERSONNEL IDENTIFIED A POTENTIAL LEAK IN THE PIPELINE ROW ON THE G8CDP 6IN CONDENSATE PIPELINE. THE PIPELINE WAS EXCAVATED AT THE LEAK LOCATION AND THE LEAK WAS CONFIRMED TO BE ON THIS PIPELINE. THIS PIPELINE IS A NON-JURISDICTIONAL LIQUID GATHERING PIPELINE IN A RURAL AREA LOCATED IN WEBB COUNTY, APPROXIMATELY 21 MILES SOUTH OF CATARINA, TX. OPERATIONS PROCEEDED WITH LINE ISOLATION AND PIPELINE PIGGING PROCEDURES FOR DEWATERING THE LINE. BOTH UPSTREAM AND DOWNSTREAM VALVES WERE LOCKED OUT AND TAGGED OUT AT 3:00 PM. THIRTY BARRELS OF CONDENSATE WERE RECOVERED FROM THE BELL HOLE AND TRANSPORTED TO THE STATION GUN BARREL. REPAIRS WERE MADE AND LINE WAS PUT BACK IN SERVICE AS OF 6:40 PM ON APRIL 6, 2021. INVESTIGATION REVEALED THAT THE APPARENT CAUSE OF THE INCIDENT WAS DUE TO INTERNAL CORROSION (MIC).     TO PREVENT RE-OCCURRENCE, ENERGY TRANSFER IS WORKING WITH BAKER HUGHES TO PROVIDE A RECOMMENDATION FOR ADJUSTING THE FUTURE CHEMICAL BATCH TREATMENTS.    THIS FACILITY IS UNDER THE JURISDICTION OF THE TEXAS RAILROAD COMMISSION. ON APRIL 1, 2021, THIS INCIDENT WAS TELEPHONICALLY REPORTED TO THE NRC AT 9:39 AM DUE TO COST OF PROPERTY DAMAGE EXCEEDING THE $50,000 REPORTING CRITERIA."
278,4/23/2021,2021,20210034,35205,ORIGINAL FINAL,32619,"HILAND CRUDE, LLC","1001 LOUISIANA ST, SUITE 1000",HOUSTON,TX,77002,3/31/2021 13:54,CENTRAL,YES,48.34083,-103.5886,CRUDE OIL,,,0.23,,0.23,NO,,,,,,0,NO,,,,,,0,NOTIFICATION FROM THIRD PARTY THAT CAUSED THE ACCIDENT,,,3/31/2021 14:05,ONSHORE,NO,,,3/31/2021 14:05,,NRC NOTIFICATION NOT REQUIRED,,NO,,,,,,NO,NO,,,0,ND,WILLISTON,WILLIAMS,NO,TOTALLY CONTAINED ON OPERATOR-CONTROLLED PROPERTY,NO,,,,,,,,,,,,,,,,,,,,,OTHER,,,VICTAULIC TEE,,CARBON STEEL,,99.99,REPORTING-REGULATED GATHERING,NO,,,,YES,NO,NO,,,,,,NO,,,,,,,,,0,12,162,77,540,0,,791,0,0,0,0,INCORRECT OPERATION,"VALVE LEFT OR PLACED IN WRONG POSITION, BUT NOT RESULTING IN A TANK, VESSEL, OR SUMP/SEPARATOR OVERFLOW OR FACILITY OVERPRESSURE",KENNETH PETERS,SENIOR PIPELINE ENGINEER,ken_peters@kindermorgan.com,12058076163,12053253729,TYLER HENGEL,tyler_hengel@kindermorgan.com,17012694745,"ON MARCH 31, 2021, AT 1:54 PM LOCAL TIME HILAND CRUDE, LLC RECEIVED A CALL FROM WHITING PETROLEUM OF A 0.23 BBL. CRUDE OIL SPILL THAT RESULTED WHEN WHITING ISOLATED HILAND'S LACT PIPING TO PERFORM MAINTENANCE ON THEIR PRODUCTION WELL FACILITIES THE SAME DAY.  AT 2:05 PM LOCAL TIME HILAND CRUDE PERSONNEL ARRIVED AND OBSERVED THAT WHITING ISOLATED THE LACT PIPING, RESULTING IN A PRESSURE BUILD-UP OF THE LACT SUCTION PIPING AND VICTAULIC-TEE CONNECTION. DUE TO RISING AMBIENT ATMOSPHERIC TEMPERATURES CAUSING A DENSITY INCREASE OF THE CRUDE OIL TRAPPED IN THE LACT FACILITY SUCTION PIPING, FAILURE OF THE VICTAULIC-TEE FITTING RESULTED AND CAUSED THE CRUDE OIL SPILL.  AS THIS EVENT RESULTED FROM AN ABNORMAL CONDITION RESULTING IN A SPILL OF CRUDE GREATER THAN 5 GALLONS, IT REMAINS REPORTABLE PURSUANT TO PART 195.15 AND 195.50.  IN ORDER TO PREVENT A RECURRENCE, SUCH OPERATIONS WILL BE MORE CLOSELY MONITORED AND PROCESSES WILL BE REITERATED TO PRODUCERS NOT TO ISOLATE HILAND FACILITIES WITHOUT APPROVAL. THIS RELEASE OCCURRED FROM A REPORTING-REGULATED-GATHERING LINE THAT FALLS UNDER 195.15 CRITERIA. NO NRC NOTIFICATION WAS REQUIRED DUE TO THE EXCEPTION OUTLINED IN 49 CFR 195.15(C)(2); HOWEVER, A 30 DAY ACCIDENT REPORT IS REQUIRED PER 195.15."
279,4/21/2021,2021,20210033,35199,ORIGINAL FINAL,32099,ENERGY TRANSFER COMPANY,1300 MAIN STREET,HOUSTON,TX,77002,3/31/2021 7:45,CENTRAL,YES,31.782061,-102.122981,CRUDE OIL,,,1.7,,1.7,NO,,,,,,0,NO,,,,,,0,GROUND PATROL BY OPERATOR OR ITS CONTRACTOR,,OPERATOR EMPLOYEE,3/31/2021 7:45,ONSHORE,NO,,,3/31/2021 7:45,,NRC NOTIFICATION NOT REQUIRED,,NO,,,,,,NO,NO,,,0,TX,ODESSA,MIDLAND,NO,"ORIGINATED ON OPERATOR-CONTROLLED PROPERTY, BUT THEN FLOWED OR MIGRATED OFF THE PROPERTY",NO,,,,,,,,,,,,,,,,,,,,,OTHER,,,APACHE 3/4 INCH BALL VALVE W/ WELDED SEAL,,MATERIAL OTHER THAN CARBON STEEL,STAINLESS STEEL,,REPORTING-REGULATED GATHERING,NO,,,,YES,NO,YES,,,YES,,,NO,,,,,,,,,1000,113,500,500,1000,0,,3113,0,0,0,0,EQUIPMENT FAILURE,OTHER EQUIPMENT FAILURE,CHRISTOPHER PALAFOX,SPECIALIST REGULATORY COMPLIANCE,christopher.palafox@energytransfer.com,7139894464,,CHRIS KRESTA,chris.kresta@energytransfer.com,7139897077,"ON MARCH 31, 2021 AT APPROXIMATELY 07:45 COMPANY PERSONNEL DISCOVERED A CRUDE OIL SPILL AT THE CONCHO WAMPA PUMP SITE. AT 07:45 COMPANY PERSONNEL CONFIRMED THAT THE SPILL CAME FROM AN APACHE 3/4 INCH STAINLESS STEEL BALL VALVE ON THE CT203 COG WAMPA 6 INCH NON-REGULATED GATHERING PIPELINE AND SECURED THE SPILL. A THIRD-PARTY COMPANY WAS CALLED TO CLEAN UP ALL FREE PRODUCT AND REMEDIATE THE SOIL.  THE CAUSE OF THE SPILL WAS A DEFECTIVE BALL VALVE, THE SAME APACHE BALL VALVE THAT WAS INSTALLED THE DAY PRIOR (MARCH 30). A NEW KJV 3/4 INCH CARBON STEEL BALL VALVE WITH A WELDED SEAL WAS INSTALLED AND AT APPROXIMATELY 10:00 THE LINE WAS BACK IN SERVICE. THE APACHE BALL VALVE THAT LEAKED AND WAS REMOVED THE DAY PRIOR (MARCH 30) AND THE APACHE BALL VALVE THAT LEAKED AND WAS REMOVED TODAY (MARCH 31) WERE BOTH SENT BACK TO THE MANUFACTURER TO DETERMINE THE CAUSE OF THE FAILURES, STILL UNDER INVESTIGATION. TO PREVENT FUTURE SPILLS, A NEW KJV 3/4 INCH CARBON STEEL BALL VALVE WITH A WELDED SEAL WAS INSTALLED TO REPLACE THE FAILED APACHE BALL VALVE AND EMPLOYEES WILL PERFORM ROUTINE VISUAL INSPECTIONS AT THE PUMP SITE."
280,4/21/2021,2021,20210032,35198,ORIGINAL FINAL,32099,ENERGY TRANSFER COMPANY,1300 MAIN STREET,HOUSTON,TX,77002,3/30/2021 10:19,CENTRAL,YES,31.782061,-102.122981,CRUDE OIL,,,0.8,,0.8,NO,,,,,,0,NO,,,,,,0,OTHER,THIRD PARTY,,3/30/2021 10:19,ONSHORE,NO,,,3/30/2021 12:36,,NRC NOTIFICATION NOT REQUIRED,,NO,,,,,,NO,NO,,,0,TX,ODESSA,MIDLAND,NO,TOTALLY CONTAINED ON OPERATOR-CONTROLLED PROPERTY,NO,,,,,,,,,,,,,,,,,,,,,OTHER,,,APACHE 3/4 INCH BALL VALVE,,MATERIAL OTHER THAN CARBON STEEL,STAINLESS STEEL,,REPORTING-REGULATED GATHERING,NO,,,,YES,NO,YES,,,YES,,,NO,,,,,,,,,0,51,1000,500,1000,0,,2551,0,0,0,0,EQUIPMENT FAILURE,OTHER EQUIPMENT FAILURE,CHRISTOPHER PALAFOX,SPECIALIST REGULATORY COMPLIANCE,christopher.palafox@energytransfer.com,7139894464,,CHRIS KRESTA,chris.kresta@energytransfer.com,7139897077,"ON MARCH 30, 2021 AT APPROXIMATELY 10:39 A THIRD PARTY DISCOVERED A CRUDE OIL SPILL AT THE CONCHO WAMPA PUMP SITE. AT 12:36 COMPANY PERSONNEL ARRIVED ON SITE AND CONFIRMED THAT THE SPILL CAME FROM AN APACHE 3/4 INCH STAINLESS STEEL BALL VALVE WITH A WELDED SEAL ON THE CT203 COG WAMPA 6 INCH NON-REGULATED GATHERING PIPELINE AND SECURED THE SPILL. A THIRD-PARTY COMPANY WAS CALLED TO CLEAN UP ALL FREE PRODUCT AND REMEDIATE THE SOIL. A NEW APACHE BALL VALVE WAS INSTALLED AND AT APPROXIMATELY 15:30 THE LINE WAS BACK IN SERVICE. THE CAUSE OF THE SPILL WAS A DEFECTIVE VALVE. TO PREVENT FUTURE SPILLS, A NEW APACHE BALL VALVE WAS INSTALLED, AND EMPLOYEES WILL PERFORM ROUTINE VISUAL INSPECTIONS ON THIS PUMP STATION."
281,4/26/2021,2021,20210035,35211,ORIGINAL FINAL,31888,CENTURION PIPELINE L.P.,1300 MAIN STREET,HOUSTON,TX,77002,3/28/2021 15:50,CENTRAL,YES,32.68446,-102.72189,CRUDE OIL,,,2.0,,2.0,NO,,,,,,0,NO,,,,,,0,NOTIFICATION FROM PUBLIC,,,3/28/2021 15:50,ONSHORE,NO,,,3/28/2021 16:17,,NRC NOTIFICATION NOT REQUIRED,,NO,,,,,,YES,NO,,,0,TX,NOT WITHIN MUNICIPALITY,GAINES,NO,PIPELINE RIGHT-OF-WAY,NO,,,,,,,,,,,,,,,,,,,,,PIPE,PIPE BODY,,,4.0,CARBON STEEL,,6.8,REPORTING-REGULATED GATHERING,NO,,,,YES,NO,YES,,,YES,,,NO,,,,,,,,,13,123,4641,500,6000,0,,11277,0,0,0,0,CORROSION FAILURE,EXTERNAL CORROSION,JOSHUA MCCULLOCH,PROJECT ENGINEER,joshua_mcculloch@centurionpl.com,346-803-2869,713-215-7455,,,,"ON MARCH 28, 2021, AT APPROXIMATELY 15:50 CST, A LANDOWNER DISCOVERED A POSSIBLE LEAK WHILE FLYING OVER THE RILEY 4"" WTS NON-REGULATED GATHERING LINE NEAR SEMINOLE, TEXAS IN GAINES COUNTY, TEXAS. THE LANDOWNER NOTIFIED CENTURION PIPELINE L.P. (CPL), AND CPL IMMEDIATELY DISPATCHED A COMPANY EMPLOYEE TO THE LOCATION. ON MARCH 28, 2021, AT APPROXIMATELY 16:17 CST, CPL RESOURCES ARRIVED ON-SITE AND DETERMINED THE SOURCE OF THE LEAK TO BE THE RILEY 4"" WTS PIPELINE. CPL PROMPTLY ISOLATED THE LEAK AND BEGAN CLEAN UP EFFORTS. HOWEVER, TWO (2) BARRELS OF CRUDE OIL WERE RELEASED. CPL REPLACED THE CONTAMINATED SOIL WITH CLEAN SOIL AND REMEDIATED THE CONTAMINATED SOIL OFF SITE. NO INJURIES, FATALITIES, OR FIRES WERE ASSOCIATED WITH THIS INCIDENT.    DURING THE ROOT CAUSE ANALYSIS, CPL DETERMINED THE CAUSE OF LEAK TO BE EXTERNAL CORROSION ON THE BARE STEEL PIPELINE. UPON EXCAVATION, CPL IDENTIFIED THE EXTERNAL CORROSION DAMAGE EXTENDED BEYOND THE IMMEDIATE LEAK LOCATION AND REPLACED THE DAMAGED SECTION WITH 84 FEET OF PIPE COATED WITH FUSION BONDED EPOXY (FBE)."