,REPORT_RECEIVED_DATE,IYEAR,REPORT_NUMBER,SUPPLEMENTAL_NUMBER,REPORT_TYPE,OPERATOR_ID,NAME,OPERATOR_STREET_ADDRESS,OPERATOR_CITY_NAME,OPERATOR_STATE_ABBREVIATION,OPERATOR_POSTAL_CODE,LOCAL_DATETIME,TIME_ZONE,DAYLIGHT_SAVINGS_IND,LOCATION_LATITUDE,LOCATION_LONGITUDE,COMMODITY_RELEASED_TYPE,COMMODITY_SUBTYPE,COMMODITY_DETAILS,UNINTENTIONAL_RELEASE_BBLS,INTENTIONAL_RELEASE_BBLS,RECOVERED_BBLS,FATALITY_IND,NUM_EMP_FATALITIES,NUM_CONTR_FATALITIES,NUM_ER_FATALITIES,NUM_WORKER_FATALITIES,NUM_GP_FATALITIES,FATAL,INJURY_IND,NUM_EMP_INJURIES,NUM_CONTR_INJURIES,NUM_ER_INJURIES,NUM_WORKER_INJURIES,NUM_GP_INJURIES,INJURE,ACCIDENT_IDENTIFIER,ACCIDENT_DETAILS,OPERATOR_TYPE,INCIDENT_IDENTIFIED_DATETIME,ON_OFF_SHORE,COMMUNICATION_STATE_FED_IND,PARTY_INITIATED_COMMUNICATION,INITIAL_RESPONDER_COM_DATETIME,ON_SITE_DATETIME,NRC_RPT_DATETIME,NRC_RPT_NUM,ADDITIONAL_NRC_REPORT_NUMBERS,IGNITE_IND,IGNITE_DATETIME,HOW_EXTINGUISHED,HOW_EXTINGUISHED_OTHER_DETAIL,PRODUCT_CONSUMED_BY_FIRE_BBLS,EXPLODE_IND,OIL_SPILL_RESP_PLAN_IND,OSRO_MOBILIZED_IND,OSRO_OPERATOR_NOTIFIED_DT,OSRO_ARRIVED_ON_SITE_DT,NUM_PUB_EVACUATED,ONSHORE_STATE_ABBREVIATION,ONSHORE_CITY_NAME,ONSHORE_COUNTY_NAME,FEDERAL,LOCATION_TYPE,CROSSING,BRIDGE_CROSSING_IND,BRIDGE_TYPE,RAILROAD_CROSSING_IND,RAILROAD_TYPE,ROAD_CROSSING_IND,ROAD_TYPE,WATER_CROSSING_IND,WATER_TYPE,WATER_NAME,WATER_DEPTH,WATER_SUBTYPE,YEAR_RECENT_ENG_EVALUATION,OFF_ACCIDENT_ORIGIN,OFFSHORE_STATE_ABBREVIATION,OFF_INSTATE_AREA,OFF_INSTATE_BLOCK,OFFSHORE_COUNTY_NAME,OCS_TYPE,OFF_OCS_AREA,OFF_OCS_BLOCK,ITEM_INVOLVED,PIPE_TYPE,JOINT_SUBTYPE,ITEM_INVOLVED_DETAILS,PIPE_DIAMETER,MATERIAL_INVOLVED,MATERIAL_DETAILS,PERCENT_PIPE_SMYS,CLASSIFICATION_PIPELINE_SYSTEM,WILDLIFE_IMPACT_IND,FISH_AQUATIC_IMPACT_IND,BIRDS_IMPACT_IND,TERRESTRIAL_IMPACT_IND,SOIL_CONTAMINATION,LONG_TERM_ASSESSMENT,REMEDIATION_IND,SURFACE_WATER_REMED_IND,GROUNDWATER_REMED_IND,SOIL_REMED_IND,VEGETATION_REMED_IND,WILDLIFE_REMED_IND,WATER_CONTAM_IND,OCEAN_SEAWATER_IND,SURFACE_CONTAM_IND,GROUNDWATER_CONTAM_IND,DRINKING_WATER_CONTAM_IND,PRIVATE_WELL_CONTAM_IND,PUBLIC_WATER_CONTAM_IND,AMOUNT_RELEASED_BBLS,REL_WATER_NAME,EST_COST_OPER_PAID,EST_COST_GAS_RELEASED,EST_COST_PROP_DAMAGE,EST_COST_EMERGENCY,EST_COST_ENVIRONMENTAL,EST_COST_OTHER,EST_COST_OTHER_DETAILS,PRPTY,NUM_PERSONS_HOSP_NOT_OVNGHT,NUM_INJURED_TREATED_BY_EMT,NUM_RESIDENT_BUILDING_AFFCTD,NUM_BUSINESS_BUILDING_AFFCTD,CAUSE,CAUSE_DETAILS,PREPARER_NAME,PREPARER_TITLE,PREPARER_EMAIL,PREPARER_TELEPHONE,PREPARER_FAX,LOCAL_CONTACT_NAME,LOCAL_CONTACT_EMAIL,LOCAL_CONTACT_TELEPHONE,NARRATIVE
293,3/20/2021,2021,20210024,35064,SUPPLEMENTAL FINAL,39348,"NUSTAR PERMIAN TRANSPORTATION AND STORAGE, LLC",19003 IH-10 WEST,SAN ANTONIO,TX,78257,2/19/2021 13:30,CENTRAL,NO,31.98103,-101.72238,CRUDE OIL,,,0.27,,0.27,NO,,,,,,0,NO,,,,,,0,"LOCAL OPERATING PERSONNEL, INCLUDING CONTRACTORS",,OPERATOR EMPLOYEE,2/19/2021 13:30,ONSHORE,NO,,,2/19/2021 13:30,,NRC NOTIFICATION NOT REQUIRED,,NO,,,,,,NO,NO,,,0,TX,GARDEN CITY,GLASSCOCK,NO,TOTALLY CONTAINED ON OPERATOR-CONTROLLED PROPERTY,NO,,,,,,,,,,,,,,,,,,,,,OTHER,,,VALVE,,CARBON STEEL,,0.01,REPORTING-REGULATED GATHERING,NO,,,,YES,NO,NO,,,,,,NO,,,,,,,,,0,16,820,0,472,0,,1308,0,0,0,0,NATURAL FORCE DAMAGE,TEMPERATURE,ALONSO RODRIGUEZ,MANAGER PIPELINE SAFETY,alonso.rodriguez@nustarenergy.com,8063360712,,JAMES ROBERTSON,james.robertson@nustarenergy.com,18063711304,A NUSTAR OPERATOR DISCOVERED A LEAK AT THE XTO BERRY SITE. THE LEAK WAS ON A 2 INCH BALL VALVE LOCATED ON THE PIG TRAP. THE VALVE DEVELOPED A CRACK DUE TO FREEZING WATER TRAPPED IN THE VALVE. THE REGION HAD EXPERIENCED BELOW FREEZING WEATHER CONDITIONS OVER SEVERAL DAYS. THE VALVE WAS REPLACED AND CLEANED UP IMMEDIATELY.
294,3/10/2021,2021,20210016,37164,SUPPLEMENTAL FINAL,39589,"STATELINE CRUDE, LLC",16211 LA CANTERA PARKWAY SUITE 202,SAN ANTONIO,TX,78256,2/17/2021 17:00,CENTRAL,NO,31.88132,-103.8603,CRUDE OIL,,,0.48,,0.48,NO,,,,,,0,NO,,,,,,0,OTHER,THE PRODUCER ONSITE NOTICED THE LEAK AND CALLED THE OPERATOR.,,2/17/2021 16:00,ONSHORE,NO,,,2/17/2021 17:00,,NRC NOTIFICATION NOT REQUIRED,,NO,,,,,,YES,NO,,,0,TX,ORLA,LOVING,NO,"ORIGINATED ON OPERATOR-CONTROLLED PROPERTY, BUT THEN FLOWED OR MIGRATED OFF THE PROPERTY",NO,,,,,,,,,,,,,,,,,,,,,OTHER,,,VALVE,,MATERIAL OTHER THAN CARBON STEEL,TEFLON SEAL,,REPORTING-REGULATED GATHERING,NO,,,,YES,NO,YES,,,YES,,,NO,,,,,,,,,0,20,300,500,530,0,,1350,0,0,0,0,NATURAL FORCE DAMAGE,TEMPERATURE,JON HOFFMAN,REGULATORY MANAGER,jhoffman@howardep.com,2102982229,,GARY VAUGHN,gvaughn@howardep.com,,"FOLLOWING SNOW, ICE, AND FREEZING TEMPERATURES, AN 8"" BALL VALVE FROZE AND CAUSED THE TEFLON SEAL TO FAIL ON THE LATERAL N PIPELINE.  THE PRODUCER ONSITE NOTICED THE LEAK AND CONTACTED THE OPERATOR.  THE OPERATOR ARRIVED ONSITE, ISOLATED THE LEAKING VALVE, AND REPLACED THE VALVE WITH A BLIND FLANGE.  THE REPAIR AND SOIL REMEDIATED WAS ALL DONE WITHIN THE SAME DAY AS THE LEAK (2/17/2021).  THE PLAN TO PREVENT RECURRENCE INCLUDES PERFORMING PATROLS ON THE PIPELINE SYSTEM FOLLOWING EXTREME WEATHER OR NATURAL DISASTER EVENTS."
295,3/16/2021,2021,20210019,35010,ORIGINAL FINAL,4461,"EOG RESOURCES, INC",1111 BAGBY ST. SKY LOBBY 2,HOUSTON,TX,77002,2/17/2021 13:30,CENTRAL,NO,28.58528,-98.86289,CRUDE OIL,,,285.0,,270.0,NO,,,,,,0,NO,,,,,,0,"LOCAL OPERATING PERSONNEL, INCLUDING CONTRACTORS",,OPERATOR EMPLOYEE,2/17/2021 13:30,ONSHORE,NO,,,2/17/2021 13:30,,NRC NOTIFICATION NOT REQUIRED,,NO,,,,,,NO,NO,,,0,TX,COTULLA,LA SALLE,NO,"ORIGINATED ON OPERATOR-CONTROLLED PROPERTY, BUT THEN FLOWED OR MIGRATED OFF THE PROPERTY",NO,,,,,,,,,,,,,,,,,,,,,OTHER,,,VALVE BODY,,CARBON STEEL,,2.19,REPORTING-REGULATED GATHERING,NO,,,,YES,NO,YES,,,YES,,,NO,,,,,,,,,70000,1000,3000,3000,273000,0,,350000,0,0,0,0,EQUIPMENT FAILURE,"FAILURE OF EQUIPMENT BODY (EXCEPT PUMP), TANK PLATE, OR OTHER MATERIAL",JARED LANE,PIPELINE FOREMAN,jared_lane@eogresources.com,(210) 775-8986,,JARED LANE,jared_lane@eogresources.com,(210) 775-8986,"ON 2/17/2021, OPERATOR'S EMPLOYEE DISCOVERED RELEASE AT 1:30 PM FROM VALVE SITE AND INITIATED SHUT DOWN PROCEDURES IMMEDIATELY. CRUDE OIL WAS DISCHARGING FROM 3"" BALL VALVE THAT WAS INTENDED FOR A BLOWDOWN VALVE. RELEASE CAME FROM BODY SEAM OF VALVE WHICH WAS NOT ALTERED BY OPERATOR. ADVERSE WEATHER CONDITIONS (BELOW FREEZING TEMPERATURES) MAY HAVE CONTRIBUTED TO FAILURE. OPERATOR THEN BEGAN REMEDIATION ACTIVITIES WHICH INCLUDED OIL RECOVERY FROM OPERATOR'S PAD SITE. AFTER 270 BBLS WERE RECOVERED BY VACUUM TRUCKS, EXCAVATION REMEDIATION BEGAN. DURING EXCAVATION REMEDIATION, OPERATOR NOTICED OIL HAD SLIGHTLY MIGRATED UNDERGROUND TO A 3RD PARTY OPERATOR'S PAD SITE AND ADJACENT LANDOWNER'S PROPERTY. OPERATOR ESTIMATES 15 BBLS OF PRODUCT HAD BEEN ABSORBED INTO THE SOIL. ALL CONTAMINATED SOIL WILL BE FULLY REMOVED AND ALL REQUIREMENTS BY TEXAS RAILROAD COMMISSION ARE BEING COMPLIED WITH TO THE FULLEST EXTENT. THE VALVE THAT FAILED WAS SENT TO MANUFACTURER TO INVESTIGATE. RESULTS ARE STILL PENDING."
296,3/12/2021,2021,20210017,35207,SUPPLEMENTAL FINAL,39229,CAMINO REAL GATHERING CO LLC,1001 LOUISIANA STREET SUITE 1000,HOUSTON,TX,77002,2/16/2021 12:00,CENTRAL,NO,28.469656,-99.394799,CRUDE OIL,,,39.0,,35.0,NO,,,,,,0,NO,,,,,,0,OTHER,TELEPHONIC NOTIFICATION FROM FACILITY OWNER PERSONNEL.,,2/16/2021 12:30,ONSHORE,YES,OPERATOR,2/16/2021 16:15,2/16/2021 12:30,,NRC NOTIFICATION NOT REQUIRED,,NO,,,,,,YES,YES,2/16/2021 13:30,2/16/2021 17:15,0,TX,COTULLA,LASALLE,NO,TOTALLY CONTAINED ON OPERATOR-CONTROLLED PROPERTY,NO,,,,,,,,,,,,,,,,,,,,,OTHER,,,FLANGE CONNECTION BETWEEN PIPING & VALVE,,MATERIAL OTHER THAN CARBON STEEL,GARLOCK BLUE GUARD - ARAMID FIBERS,,REPORTING-REGULATED GATHERING,NO,,,,YES,YES,NO,,,,,,NO,,,,,,,,,0,225,3000,85000,15000,0,,103225,0,0,0,0,EQUIPMENT FAILURE,OTHER EQUIPMENT FAILURE,JAMES PALACIOS,SPECIALIST-TECHNICAL COMPLIANCE,james_palacios@kindermorgan.com,713-420-7004,,ROCKY WILSON,rocky_wilson@kindermorgan.com,713-420-3222,"2/16/21 AT APPROXIMATELY 12PM CST, TEXAS INTERNATIONAL OPERATIONS PERSONNEL NOTIFIED CAMINO REAL GATHERING  OPERATIONS PERSONNEL THAT THERE WAS A RELEASE OF CRUDE OIL AT THE TEXAS INTERNATIONAL 4"" PRODUCTION FACILITY LOCATED IN COTULLA TX, LASALLE COUNTY . CAMINO REAL PERSONNEL WERE DISPATCHED TO THE SITE AND FOUND A FAILED GASKET TO BE THE SOURCE OF THE RELEASE. THE FACILITY WAS LOCKED OUT AND ISOLATED. BASED OF AN INITIAL ESTIMATE OF 39 BARRELS OF CRUDE OIL RELEASED, CAMINO REAL'S OIL SPILL RESPONSE PLAN WAS ACTIVATED,  OSRO WAS CALLED, AND CLEANUP INITIATED. THE RAILROAD COMMISSION OF TEXAS OIL AND GAS DIVISION WAS ALSO NOTIFIED TELEPHONICALLY.      TESTS ARE BEING PERFORMED TO DETERMINE IF A LONG TERM REMEDIATION WILL BE REQUIRED AND IF SO, THEY WILL BE NOTED ON THE SUPPLEMENTAL AND FINAL REPORT. : UPDATE 4/23/2021 - NO LONG TERM  REMEDIATION NEEDED, SOIL REMOVAL AND REPLACEMENT HAS BEEN PERFORMED ON THE SITE.     AN INTERNAL INVESTIGATION TO DETERMINE THE ROOT CAUSE AND PLAN TO PREVENT REOCCURRENCE ARE ALSO BEING PERFORMED AND RESULTS WILL BE SUBMITTED ON A FUTURE  SUPPLEMENTAL AND FINAL REPORT. :UPDATE 4/23/2021 THE ROOT CAUSE OF THE EQUIPMENT FAILURE WAS ""TEMPERATURE EXTREMES"", ON THE DATE OF THE RELEASE TEXAS WAS EXPERIENCING WINTER STORM URI AND ASSOCIATED FREEZING TEMPERATURES. THE FAILED COMPONENT WAS A GARLOCK FIBER GASKET LOCATED IMMEDIATELY UPSTREAM OF A ISOLATION VALVE THAT CLOSES WHEN PNEUMATIC  SUPPLY GAS PRESSURE DROPS BELOW 80PSI. THE EFFECTS OF PROLONGED, UNUSUALLY COLD TEMPERATURES ON THE SUPPLY GAS LINE TO THE ISOLATION VALVE CAUSED THE ISOLATION VALVE TO CLOSE UNEXPECTEDLY, WHILE THE SYSTEMS POSITIVE DISPLACEMENT PUMP CONTINUED TO OPERATE LEADING TO EVENTUAL GASKET FAILURE.     TO PREVENT REOCCURRENCE CAMINO REAL HAS ADDED PROGRAMMING LANGUAGE FOR PUMP SHUTDOWN WHEN THE ISOLATION VALVE GOES CLOSED, REPLACED THE FIBER GASKET WITH A FLEXITALLIC / SPIRAL WOUND GASKET,  AND EVALUATED OTHER CAMINO REAL GATHERING SITES FOR SIMILAR POTENTIAL EXPOSURE AND CORRECTED IF NEEDED."
297,3/15/2021,2021,20210018,35002,ORIGINAL FINAL,31878,BRIDGER PIPELINE LLC,455 N. POPLAR ST.,CASPER,WY,82602,2/14/2021 3:02,MOUNTAIN,NO,46.389071,-104.448203,CRUDE OIL,,,5.0,,5.0,NO,,,,,,0,NO,,,,,,0,"SCADA-BASED INFORMATION (SUCH AS ALARM(S), ALERT(S), EVENT(S), AND/OR VOLUME OR PACK CALCULATIONS)",,,2/14/2021 3:02,ONSHORE,NO,,,2/14/2021 5:20,,NRC NOTIFICATION NOT REQUIRED,,NO,,,,,,YES,NO,,,0,MT,BAKER,FALLON,NO,TOTALLY CONTAINED ON OPERATOR-CONTROLLED PROPERTY,NO,,,,,,,,,,,,,,,,,,,,,OTHER,,,THREADED PIPE FITTING,,CARBON STEEL,,0.01,REPORTING-REGULATED GATHERING,NO,,,,YES,NO,NO,,,,,,NO,,,,,,,,,0,200,300,5000,0,0,,5500,0,0,0,0,EQUIPMENT FAILURE,THREADED CONNECTION/COUPLING FAILURE,KEVIN PENA,PIPELINE COMPLIANCE COORDINATOR,kevin.pena@truecos.com,4066873304,,,,,"ON FEBRUARY 14, 2021 AT APPROXIMATELY 3:02 AM, THE CASPER CONTROL CENTER IDENTIFIED A LACK OF FLOW SHOWN BY THE INCOMING METER AT THE BAKER/BOWMAN STATION FACILITY.  FIELD PERSONNEL WERE NOTIFIED AND THE LINE WAS SHUT DOWN.  WHEN PERSONNEL ARRIVED ON SITE, THEY IDENTIFIED A CRACKED FITTING ON A PIECE OF THREADED PIPE.    THE INITIAL FIELD INVESTIGATION FOUND THAT THERE WAS A HOSE CONNECTED TO A PRESSURE TRANSMITTER FROM A CONTROL VALVE WHICH HAD FROZEN IN THE EXTREME COLD.  THIS FROZEN HOSE THEN CAUSED THE CONTROL VALVE TO CLOSE ERRONEOUSLY.  THE CONTROL VALVE CLOSURE SUBSEQUENTLY CAUSED LINE PRESSURE TO RELIEVE TO THE RELIEF TANKS ON SITE.  THE CHATTERING OF THE RELIEF VALVE IS BELIEVED TO HAVE CREATED EXCESSIVE VIBRATION, WHICH COMBINED WITH THE EXTREMELY COLD TEMPERATURES, LED TO THE FAILURE OF A THREADED PIPE NIPPLE.  THE FAILURE OF THE THREADED FITTING RESULTED IN APPROXIMATELY 5 BARRELS OF CRUDE OIL BEING RELEASED INTO THE CONTAINMENT AREA SURROUNDING THE EQUIPMENT.    THE SPILL WAS FULLY CONTAINED ON OPERATOR PROPERTY IN THE CONTAINMENT AREA, AND THE RELEASE DID NOT IMPACT SURFACE WATER, GROUND WATER, OR WILDLIFE.  IMPACTED SOILS WERE EXCAVATED AND DISPOSED OF IN ACCORDANCE WITH MONTANA DEQ REGULATIONS."
298,3/3/2021,2021,20210013,34945,ORIGINAL FINAL,32099,ENERGY TRANSFER COMPANY,1300 MAIN STREET,HOUSTON,TX,77002,2/11/2021 17:30,CENTRAL,NO,31.782061,-102.122981,CRUDE OIL,,,2.4,,2.4,NO,,,,,,0,NO,,,,,,0,"LOCAL OPERATING PERSONNEL, INCLUDING CONTRACTORS",,OPERATOR EMPLOYEE,2/11/2021 17:00,ONSHORE,NO,,,2/11/2021 17:00,,NRC NOTIFICATION NOT REQUIRED,,NO,,,,,,NO,NO,,,0,TX,ODESSA,MIDLAND,NO,TOTALLY CONTAINED ON OPERATOR-CONTROLLED PROPERTY,NO,,,,,,,,,,,,,,,,,,,,,OTHER,,,THREADED FITTING,,CARBON STEEL,,10.0,REPORTING-REGULATED GATHERING,NO,,,,YES,NO,YES,,,YES,,,NO,,,,,,,,,0,144,1000,0,1700,0,,2844,0,0,0,0,EQUIPMENT FAILURE,THREADED CONNECTION/COUPLING FAILURE,CHRISTOPHER PALAFOX,SPECIALIST REGULATORY COMPLIANCE,christopher.palafox@energytransfer.com,713-989-4464,,,,,"ON FEBRUARY 11, 2021 AT APPROXIMATELY 17:00 A COMPANY EMPLOYEE DISCOVERED A CRUDE OIL SPILL DURING COLD WEATHER PREPARATION AT THE CONCHO WAMPA PUMP SITE. AT 17:30 THE EMPLOYEE CONFIRMED THAT THE SPILL CAME FROM AN 8-INCH PIPE ON THE SUCTION SIDE OF AN INJECTION PUMP ON THE CT203 COG WAMPA 6 INCH NON-REGULATED GATHERING PIPELINE. THE PUMP WAS STOPPED AND THE SPILLED WAS SECURED. IT WAS ALSO CONFIRMED THAT THE THREADED FITTING FAILED ON THE SUCTION PIPING. A THIRD-PARTY COMPANY WAS CALLED TO CLEAN UP ALL FREE PRODUCT AND REMEDIATE THE SOIL. A NEW FITTING WAS INSTALLED AND AT APPROXIMATELY 18:30 THE INJECTION PUMP WAS BACK IN SERVICE. THE CAUSE OF THE THREADED FITTING FAILURE WAS DUE TO POSSIBLE THREAD DEFECTS. TO PREVENT FUTURE SPILLS, EMPLOYEES WILL PERFORM ROUTINE VISUAL INSPECTIONS ON THE INJECTION PUMP SUCTION PIPE TREADED FITTINGS."
299,3/9/2021,2021,20210015,34964,ORIGINAL FINAL,32099,ENERGY TRANSFER COMPANY,1300 MAIN STREET,HOUSTON,TX,77002,2/11/2021 9:49,CENTRAL,NO,31.68843,-103.53522,CRUDE OIL,,,3.1,,3.1,NO,,,,,,0,NO,,,,,,0,"LOCAL OPERATING PERSONNEL, INCLUDING CONTRACTORS",,OPERATOR EMPLOYEE,2/11/2021 9:49,ONSHORE,NO,,,2/11/2021 9:49,,NRC NOTIFICATION NOT REQUIRED,,NO,,,,,,NO,NO,,,0,TX,MENTONE,LOVING,NO,TOTALLY CONTAINED ON OPERATOR-CONTROLLED PROPERTY,NO,,,,,,,,,,,,,,,,,,,,,OTHER,,,SAMPLE PORT VALVE ON LACT UNIT,,CARBON STEEL,,0.08,REPORTING-REGULATED GATHERING,NO,,,,YES,NO,YES,,,YES,,,NO,,,,,,,,,0,185,0,200,4375,0,,4760,0,0,0,0,INCORRECT OPERATION,"VALVE LEFT OR PLACED IN WRONG POSITION, BUT NOT RESULTING IN A TANK, VESSEL, OR SUMP/SEPARATOR OVERFLOW OR FACILITY OVERPRESSURE",CHRIS PALAFOX,REGULATORY COMPLIANCE SPECIALIST,chris.palafox@energytransfer.com,713-989-4464,,CHRIS PALAFOX,chris.palafox@energytransfer.com,713-989-4464,"ON FEBRUARY 11, 2021 AT APPROXIMATELY 09:49 A COMPANY EMPLOYEE DISCOVERED A CRUDE OIL LEAK FROM A 1/4 INCH SAMPLE PORT VALVE HALF OPENED ON A LACT UNIT DURING HIS DAILY ROUNDS AT THE BUSH MASTER LACT STATION AND NOTIFIED OPERATIONS. THE EMPLOYEE CLOSED THE SAMPLE PORT VALVE, THUS STOPPING THE LEAK AND LOCKED IT CLOSED. THE VALVE WAS LEFT OPENED DURING MEASUREMENT MAINTENANCE ON THE LACT UNIT THE DAY BEFORE. A THIRD PARTY WAS CALLED TO CLEAN UP ALL THE FREE PRODUCT AND REMEDIATE THE SOIL. THE LACT UNIT IS ON THE BUSH MASTER 8 INCH NON REGULATED GATHERING LINE ON OUR VERMEJO GATHERING SYSTEM. THE LACT UNIT HAD 5 PSI ON IT WAS DOWN AND NOT RUNNING AT THE TIME THE LEAK WAS FOUND. TO PREVENT THIS FROM FUTURE SPILLS/LEAKS, ALL VALVES ON LACT UNITS ON THE VERMEJO GATHERING SYSTEM ARE BEING INSPECTED AND PLACING LOCKS ON THE VALVES TO PREVENT BEING BUMPED OPENED OR PHYSICALLY OPENED UNLESS THE LOCK IS REMOVED."
300,3/5/2021,2021,20210014,34955,ORIGINAL FINAL,32619,"HILAND CRUDE, LLC","1001 LOUISIANA ST, SUITE 1000",HOUSTON,TX,77002,2/8/2021 8:50,CENTRAL,NO,48.02507,-103.29848,CRUDE OIL,,,4.8,,4.8,NO,,,,,,0,NO,,,,,,0,"LOCAL OPERATING PERSONNEL, INCLUDING CONTRACTORS",,OPERATOR EMPLOYEE,2/8/2021 8:50,ONSHORE,NO,,,2/8/2021 8:50,,NRC NOTIFICATION NOT REQUIRED,,NO,,,,,,NO,NO,,,0,ND,WATFORD CITY,MCKENZIE,NO,TOTALLY CONTAINED ON OPERATOR-CONTROLLED PROPERTY,NO,,,,,,,,,,,,,,,,,,,,,"JOINT, INCLUDING HEAT-AFFECTED ZONE",,PIPE GIRTH JOINT,,4.5,CARBON STEEL,,21.7,REPORTING-REGULATED GATHERING,NO,,,,NO,NO,NO,,,,,,NO,,,,,,,,,0,0,7500,0,0,0,,7500,0,0,0,0,MATERIAL FAILURE OF PIPE OR WELD,"DESIGN-, CONSTRUCTION-, INSTALLATION-, OR FABRICATION-RELATED",CLAYTON THEDINGER,ENGINEER-PIPELINE,clayton_thedinger@kindermorgan.com,713-420-5629,,MIKE OKONEK,mike_okonek@kindermorgan.com,701-713-0438,"A HILAND CRUDE EMPLOYEE WAS ONSITE AT A WELL PAD THE MORNING OF 2/8/2021 PREPARING TO SHIP A TANK OF OIL WHEN HE DISCOVERED CRUDE OIL IN THE LINED CONTAINMENT COMING FROM THE DISCHARGE HEADER OF THE POLK 2 & 3 LINE AT 8:50 AM CST. THE HILAND CRUDE EMPLOYEE IMMEDIATELY ISOLATED THE HEADER TO STOP THE LEAK. THE CRUDE OIL SPILL WAS CLEANED UP USING A VAC TRUCK THE SAME DAY AND ALL THE CRUDE OIL WAS ABLE TO BE RECOVERED. THE TOTAL RELEASE AMOUNT WAS DETERMINED TO BE 4.8 BBLS.    THIS RELEASE OCCURRED FROM A 4.5 INCH GATHERING LINE IN MCKENZIE COUNTY, ND. THEREFORE, THIS LINE FALLS UNDER THE REPORTING-REGULATED-ONLY GATHERING LINE CRITERIA. NO NRC NOTIFICATION WAS REQUIRED DUE TO THE EXCEPTION OUTLINED IN 49 CFR 195.15(C)(2); HOWEVER, A 30 DAY ACCIDENT REPORT IS REQUIRED PER 195.15.    DURING THE INVESTIGATION, IT WAS DETERMINED THAT THE CRUDE OIL SPILL CAME FROM A PINHOLE LEAK AT THE WELD OF A 4 INCH X 2 INCH STANDARD WALL THICKNESS CONCENTRIC REDUCER ON THE DISCHARGE HEADER. THE PINHOLE LEAK FORMED ON THE 4 INCH SIDE OF THE REDUCER. THE CAUSE OF THE PINHOLE WAS A RESULT OF THE VIBRATIONS EXPERIENCED ON THE HEADER FROM THE PUMP. THE INVESTIGATION CONCLUDED WITH DECIDING TO REPLACE THE REDUCER WITH AN EXTRA HEAVY WALL THICKNESS ONE INSTEAD OF THE EXISTING STANDARD WALL FITTING TO HELP REDUCE THE VIBRATION IMPACT. THE REPAIRS WERE COMPLETED ON 2/11/2021 AND THE LINE WAS RETURNED TO SERVICE THAT SAME DAY."
301,3/2/2021,2021,20210012,35478,SUPPLEMENTAL FINAL,31878,BRIDGER PIPELINE LLC,455 N. POPLAR ST.,CASPER,WY,82602,2/2/2021 14:15,MOUNTAIN,NO,47.51705,-102.85477,CRUDE OIL,,,260.0,,260.0,NO,,,,,,0,NO,,,,,,0,"LOCAL OPERATING PERSONNEL, INCLUDING CONTRACTORS",,OPERATOR EMPLOYEE,2/2/2021 14:15,ONSHORE,YES,OPERATOR,2/3/2021 8:24,2/2/2021 14:15,,NRC NOTIFICATION NOT REQUIRED,,NO,,,,,,YES,NO,,,0,ND,KILLDEER,DUNN COUNTY,NO,"ORIGINATED ON OPERATOR-CONTROLLED PROPERTY, BUT THEN FLOWED OR MIGRATED OFF THE PROPERTY",NO,,,,,,,,,,,,,,,,,,,,,PIPE,PIPE BODY,,,6.625,CARBON STEEL,,9.25,REPORTING-REGULATED GATHERING,NO,,,,YES,NO,NO,,,,,,NO,,,,,,,,,2000,600,500,43100,0,0,,46200,0,0,0,0,INCORRECT OPERATION,PIPELINE OR EQUIPMENT OVERPRESSURED,KEVIN PENA,PIPELINE COMPLIANCE COORDINATOR,kevin.pena@truecos.com,4066873304,,,,,"ON FEBRUARY 2, 2021, AT 2:15 PM, OPERATOR PERSONNEL WERE TRAVELING NEAR THE BRANDVICK STATION LOCATION WHEN THEY NOTICED CRUDE OIL ON THE RIGHT OF WAY.  SUPERVISORS WERE IMMEDIATELY NOTIFIED AND ACTIONS WERE TAKEN TO SHUT IN THE FACILITIES ON SITE.  THE LEAK WAS ISOLATED AT APPROXIMATELY 2:21 PM, AND RESOURCES WERE BROUGHT TO THE SITE TO COMPLETE REMEDIATION.    A SECTION OF 6"" ABOVE GROUND PIPING WAS FOUND TO BE THE SOURCE OF THE SPILL, AND A TOTAL OF 11' OF PIPE WAS REMOVED.  TWO 6"" - 600# BLIND FLANGES WERE INSTALLED, AND ARE CURRENTLY STILL IN PLACE.  THE DAMAGED PIPE WAS TRANSPORTED TO COMPANY HEADQUARTERS AND WILL BE SUBJECT TO ADDITIONAL ANALYSIS TO IDENTIFY THE ROOT CAUSE OF THE FAILURE.    NOTE: FURTHER ANALYSIS CONFIRMED THAT THE SECTION OF ISOLATED ABOVE GROUND PIPING FAILED FROM OVERPRESSURIZATION.    THE RELEASE DID NOT IMPACT SURFACE WATER, GROUND WATER, OR WILDLIFE.  CONTAMINATED SOILS WERE EXCAVATED AND REPLACED WITH CLEAN FILL DIRT. THOSE SOILS WILL BE DISPOSED OF IN ACCORDANCE WITH NORTH DAKOTA DEQ REQUIREMENTS."